-- phpMyAdmin SQL Dump
-- version 4.0.10.14
-- http://www.phpmyadmin.net
--
-- Servidor: localhost:3306
-- Tiempo de generación: 14-05-2016 a las 16:21:27
-- Versión del servidor: 5.6.30
-- Versión de PHP: 5.4.31

SET SQL_MODE = "NO_AUTO_VALUE_ON_ZERO";
SET time_zone = "+00:00";


/*!40101 SET @OLD_CHARACTER_SET_CLIENT=@@CHARACTER_SET_CLIENT */;
/*!40101 SET @OLD_CHARACTER_SET_RESULTS=@@CHARACTER_SET_RESULTS */;
/*!40101 SET @OLD_COLLATION_CONNECTION=@@COLLATION_CONNECTION */;
/*!40101 SET NAMES utf8 */;

--
-- Base de datos: `essy_asianvistro`
--

-- --------------------------------------------------------

--
-- Estructura de tabla para la tabla `categoria`
--

CREATE TABLE IF NOT EXISTS `categoria` (
  `idCategoria` varchar(45) NOT NULL,
  `Categoria` varchar(45) DEFAULT NULL,
  `Descripcion` varchar(450) DEFAULT NULL,
  `url` varchar(45) DEFAULT NULL,
  `estado` int(11) DEFAULT NULL,
  PRIMARY KEY (`idCategoria`)
) ENGINE=InnoDB DEFAULT CHARSET=utf8;

--
-- Volcado de datos para la tabla `categoria`
--

INSERT INTO `categoria` (`idCategoria`, `Categoria`, `Descripcion`, `url`, `estado`) VALUES
('1_ASIATICA', 'ASÍATICA', '-', '16.jpg', 1),
('2_BEBIDAS', 'BEBIDAS', '-', '21.jpg', 1),
('JAPONESA', 'JAPONESA', '-', '31.jpg', 1),
('POSTRES', 'POSTRES', '-', '44.jpg', 1),
('ZEXTRAS', 'EXTRAS', '-', '05.jpg', 1);

-- --------------------------------------------------------

--
-- Estructura de tabla para la tabla `cliente`
--

CREATE TABLE IF NOT EXISTS `cliente` (
  `idCliente` varchar(45) NOT NULL,
  `NombreCompleto` varchar(45) DEFAULT NULL,
  `telefono` varchar(45) DEFAULT NULL,
  `calle` varchar(45) DEFAULT NULL,
  `CP` varchar(45) DEFAULT NULL,
  `colonia` varchar(45) DEFAULT NULL,
  `Delegacion` varchar(45) DEFAULT NULL,
  `email` varchar(45) DEFAULT NULL,
  `NoInt` varchar(45) DEFAULT NULL,
  `Noext` varchar(45) DEFAULT NULL,
  `registro` datetime DEFAULT NULL,
  `password` varchar(450) DEFAULT NULL,
  `estado` int(11) DEFAULT NULL,
  `terminos` int(11) DEFAULT NULL,
  `notificaciones` int(11) DEFAULT NULL,
  `notedad` int(11) DEFAULT NULL,
  `tipoCliente` int(11) DEFAULT NULL,
  PRIMARY KEY (`idCliente`)
) ENGINE=InnoDB DEFAULT CHARSET=utf8;

--
-- Volcado de datos para la tabla `cliente`
--

INSERT INTO `cliente` (`idCliente`, `NombreCompleto`, `telefono`, `calle`, `CP`, `colonia`, `Delegacion`, `email`, `NoInt`, `Noext`, `registro`, `password`, `estado`, `terminos`, `notificaciones`, `notedad`, `tipoCliente`) VALUES
('CL201412141', 'Gustavo Salas Reyes', '5562748446', 'avenida 2', '03800', 'San Pedro de los Pinos', 'Benito Juárez', 'gsalas@wachtergroup.net', 'No Int. 2', 'No Ext 123', '2014-12-14 14:12:51', '', 1, 1, 1, 1, 0),
('CL201412153', 'Victor Andres Trujillo Sierra', '5510009141', 'insurgentes sur', '03940', 'Crédito constructor ', 'Benito Juárez', 'vatrujillos@gmail.com', 'No Int. Piso 4', 'No Ext 1602', '2014-12-15 15:39:04', '', 1, 1, 1, 1, 0),
('CL201412154', ' Fabian Ortiz Maceiras ', '5556629528', 'jardín ', '01049', 'Pueblo Tlacopac', 'Álvaro Obregón', 'camadrum1@hotmail.com', 'No Int. 4', 'No Ext 20', '2014-12-15 20:29:02', '', 1, 1, 1, 1, 0),
('CL201412185', 'Sergio Torres Rosales', '5555362494', 'gonzalez de cossio', '03100', 'Del valle Centro', 'Benito Juárez', 'innovation@prodigy.net.mx', 'No Int. 102', 'No Ext 108', '2014-12-18 20:27:08', '', 1, 1, 1, 1, 0),
('CL201412196', 'Sofia Galindo', '56518048', 'gutierrez zamora', '01710', 'Las Águilas', 'Álvaro Obregón', 'sgalo91@hotmail.com', 'No Int. 4', 'No Ext 55', '2014-12-19 21:07:28', '', 1, 1, 1, 1, 0),
('CL201412277', 'Claudia Marcela García Valdivia', '5527289103', 'av. copilco ', '04340', 'Copilco el bajo', 'Coyoacán', 'cmgv90@yahoo.com', 'No Int. Edificio A5 depto 103', 'No Ext 76', '2014-12-27 14:32:49', '', 1, 1, 1, 1, 0),
('CL2014123110', 'Lizette Guillén Hanessian ', '53350817', 'universidad', '03020', 'Narvarte Poniente', 'Benito Juárez', 'anush28@yahoo.com', 'No Int. 302', 'No Ext 579', '2014-12-31 14:17:48', '', 1, 1, 1, 1, 0),
('CL2015010211', 'Israel Rojkind', '63036780', 'queretaro', '01080', 'Progreso Tizapán', 'Álvaro Obregón', 'irojkind@gmail.com', 'No Int. 101', 'No Ext 138', '2015-01-02 16:24:23', '', 1, 1, 0, 1, 0),
('CL2015010312', 'enrique leandro valdes bremont', '44310366', 'frontera ', '01000', 'San Ángel', 'Álvaro Obregón', 'leandronimo2010@gmail.com', 'No Int. CASA 1', 'No Ext 16', '2015-01-03 19:06:53', '', 1, 1, 1, 1, 0),
('CL2015010313', 'santiago aviles', '55681337', 'farallon', '01900', 'Jardines del Pedregal', 'Álvaro Obregón', 'avileschico86@hotmail.com', 'No Int. 2', 'No Ext 140', '2015-01-03 20:49:36', '', 1, 1, 1, 1, 0),
('CL2015010714', 'Daniel Ehrli ', '56625398', 'jardin', '01040', 'Tlacopac San Ángel', 'Álvaro Obregón', 'mr.irnart@gmail.com', 'No Int. 4', 'No Ext 58', '2015-01-07 14:41:22', '', 1, 1, 1, 1, 0),
('CL2015011215', 'Daniel Ehrli ', '56625398', 'jardin', '01040', 'Tlacopac San Ángel', 'Álvaro Obregón', 'danielehrli@gmail.com', 'No Int. 4', 'No Ext 58', '2015-01-12 18:56:39', '', 1, 1, 1, 1, 0),
('CL2015011316', 'Victor Andres Trujillo Sierra', '5510009141', 'insurgentes sur ', '03940', 'Crédito constructor ', 'Benito Juárez', 'vatrujillos@gmail.com', 'No Int. Piso 4', 'No Ext 1602', '2015-01-13 14:06:07', '', 1, 1, 1, 1, 1),
('CL2015011617', 'Daniel Ehrli ', '56625398', 'jardin', '01040', 'Tlacopac San Ángel', 'Álvaro Obregón', 'danielehrli@gmail.com', 'No Int. 4', 'No Ext 58', '2015-01-16 19:44:29', '', 1, 1, 1, 1, 1),
('CL2015011818', 'Vincent Maclean', '5529475900', 'desierto de los leones ', '01790', 'Lomas de San Angel Inn', 'Álvaro Obregón', 'vincent.maclean@edron.edu.mx', 'No Int. 402', 'No Ext 4539', '2015-01-18 19:31:53', '', 1, 1, 0, 1, 0),
('CL2015012219', 'Daniel Ehrli ', '56625398', 'jardin ', '01040', 'Tlacopac San Ángel', 'Álvaro Obregón', 'danielehrli@gmail.com', 'No Int. 4', 'No Ext 58', '2015-01-22 20:12:31', '', 1, 1, 1, 1, 2),
('CL2015012920', 'Vincent MacLean', '5529475900', 'desierto de los leones ', '01790', 'Lomas de San Angel Inn', 'Álvaro Obregón', 'vincent.maclean@edron.edu.mx', 'No Int. 402', 'No Ext 4539', '2015-01-29 18:17:47', '', 1, 1, 0, 1, 1),
('CL2015013121', 'Sandra Orozco Garibay', '56055595', 'dr. josé maria vertiz', '03650', 'Letran Valle', 'Benito Juárez', 'pochabella@me.com', 'No Int. 1', 'No Ext 1211', '2015-01-31 21:28:02', '', 1, 1, 1, 1, 0),
('CL2015020222', 'Daniel Ehrli Solloa', '56625398', 'jardin', '01040', 'Tlacopac San Ángel', 'Álvaro Obregón', 'danielehrli@gmail.com', 'No Int. 4', 'No Ext 58', '2015-02-02 14:48:17', '', 1, 1, 0, 1, 3),
('CL2015021625', 'Vincent MacLean', '5529475900', 'desierto de los leones ', '01790', 'Lomas de San Angel Inn', 'Álvaro Obregón', 'vincent.maclean@edron.edu.mx', 'No Int. 402', 'No Ext 4539', '2015-02-16 19:11:31', '', 1, 1, 0, 1, 2),
('CL2015021826', 'Adrian Enrique garcia Huerta ', '5528885314', 'eugenia', '03810', 'Napoles', 'Benito Juárez', 'egarcia@cannizzo.com.mx', 'No Int. 501', 'No Ext 27', '2015-02-18 19:32:43', '', 1, 1, 1, 1, 0),
('CL2015022027', 'Ivonne naomi Cantú garcia ', '19920524', 'río mixcoac', '01030', 'La Florida', 'Álvaro Obregón', 'naocg@me.com', 'No Int. A4', 'No Ext 325', '2015-02-20 20:32:05', '', 1, 1, 1, 1, 0),
('CL2015022128', 'santiago aviles', '55681337', 'farallon', '01900', 'Jardines del Pedregal', 'Álvaro Obregón', 'avileschico86@hotmail.com', 'No Int. 2', 'No Ext 140', '2015-02-21 15:45:24', '', 1, 1, 1, 1, 1),
('CL2015022729', 'Ygor E. Flores Rivero', '5550193632', 'xochicalco', '03600', 'Vertiz Narvarte', 'Benito Juárez', 'yefr@hotmail.com', 'No Int. 003', 'No Ext 541', '2015-02-27 20:02:36', '', 1, 1, 1, 1, 0),
('CL2015022830', 'clarissa iglesias', '6562659456', 'veracruz ', '01080', 'Progreso Tizapán', 'Álvaro Obregón', 'clarissaigto@gmail.com', 'No Int. 102', 'No Ext 90', '2015-02-28 14:15:15', '', 1, 1, 1, 1, 0),
('CL2015022831', 'clarissa iglesias', '6562659456', 'veracruz ', '01080', 'Progreso Tizapán', 'Álvaro Obregón', 'clarissaigto@gmail.com', 'No Int. 102', 'No Ext 90', '2015-02-28 14:15:15', '', 1, 1, 1, 1, 0),
('CL2015022832', 'Mario Vega', '56163336', 'reina', '01000', 'San Ángel', 'Álvaro Obregón', 'mave0524@gmail.com', 'No Int. ', 'No Ext 175', '2015-02-28 15:35:53', '', 1, 1, 1, 1, 0),
('CL2015030733', 'Mario Vega ', '15180230', 'capuchinas', '03900', 'San José Insurgentes', 'Benito Juárez', 'mave0524@gmail.com', 'No Int. 304', 'No Ext 30', '2015-03-07 18:32:13', '', 1, 1, 1, 1, 0),
('CL2015030734', 'Emilio Buendia Díaz ', '56812282', 'av san bernabe', '10200', 'San Jerónimo Lídice ', 'La Magdalena Contreras', 'ebdiaz@hotmail.com', 'No Int. 38', 'No Ext 872', '2015-03-07 19:40:48', '', 1, 1, 1, 1, 0),
('CL2015030835', 'Luis Arrieta', '5525173939', 'lorenzo barcelta', '01020', 'Guadalupe Inn', 'Álvaro Obregón', 'luismexi@hotmail.com', 'No Int. 503', 'No Ext 10', '2015-03-08 20:51:01', '', 1, 1, 1, 1, 0),
('CL2015031136', 'Victor Andres Trujillo Sierra', '5510009141', 'insurgentes sur ', '03940', 'Crédito constructor ', 'Benito Juárez', 'vatrujillos@gmail.com', 'No Int. Piso 4', 'No Ext 1602', '2015-03-11 15:28:56', '', 1, 1, 1, 1, 2),
('CL2015031337', 'daniel ehrli solloa', '56625398', 'jardin', '01040', 'Tlacopac San Ángel', 'Álvaro Obregón', 'danielehrli@gmail.com', 'No Int. 4', 'No Ext 58', '2015-03-13 19:32:39', '', 1, 1, 1, 1, 4),
('CL2015031438', 'Carolina Núñez Guerrero', '56055647', 'gabriel mancera ', '03100', 'Del valle Centro', 'Benito Juárez', 'carocng01@gmail.com', 'No Int. 502-A', 'No Ext 1337', '2015-03-14 13:45:30', '', 1, 1, 1, 1, 0),
('CL2015031439', 'carolina Núñez Guerrero', '56055647', 'gabriel mancera ', '03100', 'Del valle Centro', 'Benito Juárez', 'carocng01@gmail.com', 'No Int. 502-A', 'No Ext 1337', '2015-03-14 13:53:28', '', 1, 1, 1, 1, 1),
('CL2015031440', 'Vincent Maclean', '5529475900', 'desierto de los leones ', '01790', 'Lomas de San Angel Inn', 'Álvaro Obregón', 'vincent.maclean@edron.edu.mx', 'No Int. 402', 'No Ext 4539', '2015-03-14 15:05:16', '', 1, 1, 1, 1, 3),
('CL2015031541', 'Beatriz j martinez i ', '63649989', 'zempoala', '03020', 'Narvarte Poniente', 'Benito Juárez', 'vikina18@hotmail.com', 'No Int. 3', 'No Ext 386', '2015-03-15 16:47:28', '', 1, 1, 1, 1, 0),
('CL2015031642', 'Brenda Gonzalez', '55361732', 'gabriel mancera ', '03103', 'Del Valle Norte ', 'Benito Juárez', 'brenda.gonzalez@hotmail.com', 'No Int. 1', 'No Ext 42', '2015-03-16 14:49:01', '', 1, 1, 1, 1, 0),
('CL2015031643', 'María garcia', '56635175', 'río mixcoac', '01030', 'La Florida', 'Álvaro Obregón', 'naocg@me.com', 'No Int. A4', 'No Ext 325', '2015-03-16 19:56:31', '', 1, 1, 1, 1, 0),
('CL2015040244', 'Ilse Herrera', '62771674', 'adolfo prieto ', '03100', 'Del valle Centro', 'Benito Juárez', 'ilsek.hm@gmail.com', 'No Int. 5', 'No Ext 1660', '2015-04-02 21:21:03', '', 1, 1, 1, 1, 0),
('CL2015040445', 'gonzalo Varela', '5523354238', 'providencia', '03100', 'Del valle Centro', 'Benito Juárez', 'gonzavarela@icloud.com', 'No Int. 4', 'No Ext 812', '2015-04-04 21:27:42', '', 1, 1, 1, 1, 0),
('CL2015040548', 'paulina ponce', '56017124', 'av universidad', '03310', 'Santa Cruz Atoyac', 'Benito Juárez', 'paus_ponce@hotmail.com', 'No Int. ', 'No Ext 1000', '2015-04-05 13:36:17', '', 1, 1, 1, 1, 0),
('CL2015040550', 'paulina ponce', '56017124', 'av universidad', '03310', 'Santa Cruz Atoyac', 'Benito Juárez', 'paus_ponce@hotmail.com', 'No Int. ', 'No Ext 1000', '2015-04-05 14:46:12', '', 1, 1, 1, 1, 1),
('CL2015040551', 'DAVID SANCHEZ', '67936400', 'av. mexico coyoacan ', '03330', 'Xoco', 'Benito Juárez', 'dskhano@gmail.com', 'No Int. A-1404', 'No Ext 371', '2015-04-05 14:58:57', '', 1, 1, 1, 1, 0),
('CL2015040552', 'Gabriel Reyes', '5543708243', 'miguel lerdo de tejada ', '01020', 'Guadalupe Inn', 'Álvaro Obregón', 'gabrey5@gmail.com', 'No Int. 3', 'No Ext 71', '2015-04-05 16:01:54', '', 1, 1, 1, 1, 0),
('CL2015040754', 'Israel Ampudia', '0155854659', 'bernabe', '01000', 'San Ángel', 'Álvaro Obregón', 'israel.ampudia@eenterprise.mx', 'No Int. 1', 'No Ext 30', '2015-04-07 20:11:06', '', 1, 1, 1, 1, 0),
('CL2015041155', 'Jose A Chavero Sousa', '5554037822', 'amores', '03100', 'Del valle Centro', 'Benito Juárez', 'pepechavero@yahoo.es', 'No Int. PH3', 'No Ext 1118', '2015-04-11 15:18:57', '', 1, 1, 0, 1, 0),
('CL2015041356', 'Cristina Melo', '5527266559', 'sacramento', '03100', 'San Borja Insurgentes', 'Benito Juárez', 'dzidzielamx@gmail.com', 'No Int. ', 'No Ext 305', '2015-04-13 13:51:30', '', 1, 1, 1, 1, 0),
('CL2015041357', 'Alejandra Vasco', '55547609', 'avenida universidad/edificio versalles', '04100', 'Del Carmén', 'Coyoacán', 'alevascog@yahoo.com', 'No Int. 303', 'No Ext 1330', '2015-04-13 14:30:57', '', 1, 1, 1, 1, 0),
('CL2015041858', 'Luis Arrieta Joffe', '5525173939', 'lorenzo barcelta ', '01020', 'Guadalupe Inn', 'Álvaro Obregón', 'luismexi@hotmail.com', 'No Int. 503', 'No Ext 10', '2015-04-18 15:47:14', '', 1, 1, 1, 1, 1),
('CL2015041859', 'Fernando Soto', '56064320', 'avenida insurgentes sur', '14020', 'Villa Olímpica', 'Tlalpan', 'fcst12@yahoo.com', 'No Int. 25-804', 'No Ext 3493', '2015-04-18 18:25:23', '', 1, 1, 1, 1, 0),
('CL2015041860', 'MARIA GARCIA', '5663515', 'av rio mixcoac', '01030', 'La Florida', 'Álvaro Obregón', 'magg@grupoipisa.com.mx', 'No Int. 4-A', 'No Ext 325', '2015-04-18 18:45:46', '', 1, 1, 1, 1, 0),
('CL2015042261', 'Elizabeth Bruges', '5565858782', 'av. 1ro de mayo ', '03800', 'San Pedro de los Pinos', 'Benito Juárez', 'elibruges@gmail.com', 'No Int. 302', 'No Ext 146', '2015-04-22 19:40:34', '', 1, 1, 1, 1, 0),
('CL2015042562', 'Carlos Sales', '5591956077', 'hermenegildo galeana ', '01060', 'Altavista', 'Álvaro Obregón', 'csales@cuasar.com.mx', 'No Int. casa 5', 'No Ext 101 B', '2015-04-25 14:18:17', '', 1, 1, 0, 1, 0),
('CL2015042563', 'ma cristina guzman', '56661727', 'serrania ', '01900', 'Jardines del Pedregal', 'Álvaro Obregón', 'guzmangr@prodigy.net.mx', 'No Int. ', 'No Ext 138', '2015-04-25 20:42:06', '', 1, 1, 1, 1, 0),
('CL2015042664', 'luca giordano', '5530450533', 'minicipio libre', '03303', 'Portales Norte', 'Benito Juárez', 'lugiomexico@hotmail.it', 'No Int. 201', 'No Ext 54', '2015-04-26 14:41:47', '', 1, 1, 1, 1, 0),
('CL2015042665', 'JUSTINO REYES RETANA', '+525522818', 'camelia ', '01030', 'La Florida', 'Álvaro Obregón', 'jreyesretana@gmail.com', 'No Int. ', 'No Ext 246', '2015-04-26 19:37:18', '', 1, 1, 1, 1, 0),
('CL2015042966', 'Carmen Medina', '55952579', 'las flores', '01760', 'Flor de María', 'Álvaro Obregón', 'sisi_medina@yahoo.com.mx', 'No Int. 2', 'No Ext 588', '2015-04-29 20:24:17', '', 1, 1, 1, 1, 0),
('CL2015050167', 'Joaquin Tec Rosales', '5555098434', 'gral manuel rincón ', '03340', 'General Pedro Ma. Anaya', 'Benito Juárez', 'juatec@hotmail.com', 'No Int. ', 'No Ext 110', '2015-05-01 15:35:41', '', 1, 1, 1, 1, 0),
('CL2015050368', 'mauricio garcía lozano', '+525556043', 'aniceto ortega', '03100', 'Del valle Centro', 'Benito Juárez', 'mglozano4@gmail.com', 'No Int. B', 'No Ext 1058', '2015-05-03 16:07:40', '', 1, 1, 1, 1, 0),
('CL2015050469', 'Luis Arrieta Joffe', '5525173939', 'lorenzo barcelta ', '01020', 'Guadalupe Inn', 'Álvaro Obregón', 'luismexi@hotmail.com', 'No Int. 503', 'No Ext 10', '2015-05-04 14:44:01', '', 1, 1, 1, 1, 2),
('CL2015050470', 'mauricio garcía lozano', '+525556043', 'aniceto ortega', '03100', 'Del valle Centro', 'Benito Juárez', 'mglozano4@gmail.com', 'No Int. B', 'No Ext 1058', '2015-05-04 14:54:59', '', 1, 1, 1, 1, 1),
('CL2015050971', 'Agustin Riva palacio o', '63953612', 'callejón del bosque', '10200', 'San Jerónimo Lídice ', 'La Magdalena Contreras', 'nitsu44@hotmail.com', 'No Int. ', 'No Ext 28', '2015-05-09 14:25:58', '', 1, 1, 1, 1, 0),
('CL2015050972', 'Luis Arrieta', '5525173939', 'lorenzo barcelta ', '01020', 'Guadalupe Inn', 'Álvaro Obregón', 'luismexi@hotmail.com', 'No Int. 503', 'No Ext 10', '2015-05-09 14:42:04', '', 1, 1, 1, 1, 3),
('CL2015051073', 'Hubert Ehrli Cabral', '5555049282', 'calzada de los leones', '01010', 'Los Alpes', 'Álvaro Obregón', 'ehrli@yahoo.com', 'No Int. B 602', 'No Ext 142', '2015-05-10 15:42:51', '', 1, 1, 1, 1, 0),
('CL2015051774', 'Luis Arrieta', '56611407', 'lorenzo barcelta ', '01020', 'Guadalupe Inn', 'Álvaro Obregón', 'luismexi@hotmail.com', 'No Int. 503', 'No Ext 10', '2015-05-17 13:50:33', '', 1, 1, 1, 1, 0),
('CL2015052176', 'Lepe ', '5555555', 'nicolás san juan ', '03100', 'San Borja Insurgentes', 'Benito Juárez', 'malin@hitmail.com', 'No Int. ', 'No Ext 1013', '2015-05-21 16:00:23', '', 1, 1, 1, 1, 0),
('CL2015052277', 'Samantha Rendon', '5543428442', 'av. insurgentes sur', '01020', 'Guadalupe Inn', 'Álvaro Obregón', 'samantha_rendon@edwards.com', 'No Int. 401', 'No Ext 1863', '2015-05-22 14:35:45', '', 1, 1, 1, 1, 0),
('CL2015052478', 'Marissa Quiroga', '0155555014', 'fresnos', '01060', 'Altavista', 'Álvaro Obregón', 'marissaquiroga@circulobienesraices.com', 'No Int. ', 'No Ext 27', '2015-05-24 14:10:26', '', 1, 1, 1, 1, 0),
('CL2015052479', 'ADRIANA L DE HERNAIZ', '2812921692', 'av de las fuentes 668 jardines del pedregal', '01900', 'Jardines del Pedregal', 'Álvaro Obregón', 'sissileonardo@hotmail.com', 'No Int. ', 'No Ext 668', '2015-05-24 14:13:43', '', 1, 1, 1, 1, 0),
('CL2015052480', 'alejandro marti g', '5513855192', 'amargua ', '01000', 'San Ángel', 'Álvaro Obregón', 'amarti.haik@gmail.com', 'No Int. ', 'No Ext 83', '2015-05-24 15:16:45', '', 1, 1, 1, 1, 0),
('CL2015052481', 'Luis Eduardo Martinez Toledo', '5552481967', 'camino real de minas. unidad galaxia.', '01790', 'Lomas de San Angel Inn', 'Álvaro Obregón', 'lemt.mt@gmail.com', 'No Int. g1 107', 'No Ext acceso b', '2015-05-24 20:38:25', '', 1, 1, 1, 1, 0),
('CL2015052682', 'Luis Arrieta', '56611407', 'lorenzo barcelta ', '01020', 'Guadalupe Inn', 'Álvaro Obregón', 'luismexi@hotmail.com', 'No Int. 503', 'No Ext 10', '2015-05-26 21:25:10', '', 1, 1, 1, 1, 1),
('CL2015053183', 'Diego del Rio', '56682368', 'privada de la providencia ', '10200', 'San Jerónimo Lídice ', 'La Magdalena Contreras', 'diego_delrioz@hotmail.com', 'No Int. 2', 'No Ext 21', '2015-05-31 19:45:02', '', 1, 1, 1, 1, 0),
('CL2015060284', 'Vincent Maclean', '5529475900', 'desieto de los leones', '01790', 'Lomas de San Angel Inn', 'Álvaro Obregón', 'vincent.maclean@edron.edu.mx', 'No Int. 401', 'No Ext 4539', '2015-06-02 17:58:46', '', 1, 1, 0, 1, 4),
('CL2015060485', 'Luis Arrieta', '56611407', 'lorenzo barcelta ', '01020', 'Guadalupe Inn', 'Álvaro Obregón', 'luismexi@hotmail.com', 'No Int. 503', 'No Ext 10', '2015-06-04 14:33:58', '', 1, 1, 1, 1, 2),
('CL2015060486', 'Gustavo Salas', '5514732848', 'avenida 2', '03800', 'San Pedro de los Pinos', 'Benito Juárez', 'gsalas@wachtergroup.net', 'No Int. 2', 'No Ext 123', '2015-06-04 15:23:00', '', 1, 1, 1, 1, 0),
('CL2015060687', 'LUIS EDUARDO MARTINEZ TOLEDO', '5552481967', 'camino real de minas s/n unidad galaxia', '01790', 'Lomas de San Angel Inn', 'Álvaro Obregón', 'lemt.mt@gmail.com', 'No Int. G1 107', 'No Ext Acceso b', '2015-06-06 18:21:32', '', 1, 1, 1, 1, 1),
('CL2015060688', 'alejandro frias perez', '5554518801', 'camelia', '01030', 'La Florida', 'Álvaro Obregón', 'alejandrofriasperez@gmail.com', 'No Int. ', 'No Ext 308', '2015-06-06 19:29:39', '', 1, 1, 0, 1, 0),
('CL2015060689', 'Luis Eduardo Martinez Toledo', '5552481967', 'camino real de minas.  unidad galaxia', '01790', 'Lomas de San Angel Inn', 'Álvaro Obregón', 'lemt.mt@gmail.com', 'No Int. G1 107', 'No Ext Acceso b', '2015-06-06 19:35:48', '', 1, 1, 1, 1, 2),
('CL2015061395', 'Roberto Alejandro Lucio Avila', '62370497', 'presidentes', '03300', 'Portales Sur', 'Benito Juárez', 'luaro62@yahoo.com.mx', 'No Int. 302', 'No Ext 67', '2015-06-13 15:19:38', '', 1, 1, 1, 1, 0),
('CL2015061396', '4912824002000950', '5529475900', 'desierto de los leones', '01790', 'Lomas de San Angel Inn', 'Álvaro Obregón', 'vincent.maclean@edron.edu.mx', 'No Int. 401', 'No Ext 4539', '2015-06-13 21:11:53', '', 1, 1, 1, 1, 5),
('CL2015061497', 'Javier García', '5531083677', 'aniceto ortega', '03100', 'Del valle Centro', 'Benito Juárez', 'magical-sargent-revolver@hotmail.com', 'No Int. 5', 'No Ext 845', '2015-06-14 18:14:00', '', 1, 1, 1, 1, 0),
('CL2015061498', 'MARTINEZ TOLEDO LUIS EDUARDO', '5552481967', 'camino real de minas 4375 unidad galaxia', '01790', 'Lomas de San Angel Inn', 'Álvaro Obregón', 'lemt.mt@gmail.com', 'No Int. G1 107', 'No Ext Acceso B', '2015-06-14 20:08:49', '', 1, 1, 1, 1, 3),
('CL2015061699', 'Paulina Daczkowska', '5540555556', 'cracovia', '01000', 'San Ángel', 'Álvaro Obregón', 'paulina.daczkowska@msz.gov.pl', 'No Int. ', 'No Ext 40', '2015-06-16 14:03:42', '', 1, 1, 1, 1, 0),
('CL20150619100', 'ariane ruiz', '59087289', 'lago poniente ', '03020', 'Narvarte Poniente', 'Benito Juárez', 'anais420@gmail.com', 'No Int. b401', 'No Ext 16', '2015-06-19 20:20:58', '', 1, 1, 1, 1, 0),
('CL20150620101', 'priscila macias', '5543599013', 'municipio libre', '03303', 'Portales Norte', 'Benito Juárez', 'priscila-macias@hotmail.com', 'No Int. 201', 'No Ext 54', '2015-06-20 15:54:14', '', 1, 1, 0, 1, 0),
('CL20150620102', 'Alejandro Marti', '55138551', 'amargura ', '01000', 'San Ángel', 'Álvaro Obregón', 'amarti.haik@gmail.com', 'No Int. ', 'No Ext 83', '2015-06-20 16:34:08', '', 1, 1, 1, 1, 0),
('CL20150621103', 'mauricio garcía lozano', '+525556043', 'aniceto ortega', '03100', 'Del valle Centro', 'Benito Juárez', 'mglozano4@gmail.com', 'No Int. B', 'No Ext 1058', '2015-06-21 14:27:43', '', 1, 1, 1, 1, 2),
('CL20150624104', 'ROCIO GARCIA CERVANTES', '56018685', 'nicolas san juan', '03100', 'Del valle Centro', 'Benito Juárez', 'rocio_garciacervantes@hotmail.com', 'No Int. 801', 'No Ext 1549', '2015-06-24 13:55:35', '', 1, 1, 1, 1, 0),
('CL20150627105', 'Roberto Alejandro Lucio Avila', '62370497', 'presidentes', '03300', 'Portales Sur', 'Benito Juárez', 'luaro62@yahoo.com.mx', 'No Int. 302', 'No Ext 67', '2015-06-27 14:10:02', '', 1, 1, 1, 1, 1),
('CL20150702106', 'Alejandro Marti', '0155138551', 'amargura, san angel ', '01000', 'San Ángel', 'Álvaro Obregón', 'amarti.haik@gmail.com', 'No Int. ', 'No Ext 83', '2015-07-02 20:04:29', '', 1, 1, 1, 1, 0),
('CL20150705107', 'Pedro Maldonado Sarmiento', '5556805749', 'sagredo', '03900', 'San José Insurgentes', 'Benito Juárez', 'pedromaldonado.rov@hotmail.com', 'No Int. 302', 'No Ext 84', '2015-07-05 17:08:05', '', 1, 1, 1, 1, 0),
('CL20150712108', 'Carlos Sales', '5591956077', 'hermenegildo galeana ', '01060', 'Altavista', 'Álvaro Obregón', 'csales@cuasar.com.mx', 'No Int. CASA 5', 'No Ext 101B', '2015-07-12 14:24:30', '', 1, 1, 1, 1, 1),
('CL20150715109', 'Luis Arrieta', '56611407', 'lorenzo barcelata', '01020', 'Guadalupe Inn', 'Álvaro Obregón', 'luismexi@hotmail.com', 'No Int. 503', 'No Ext 10', '2015-07-15 15:25:28', '', 1, 1, 1, 1, 3),
('CL20150717110', 'Aissa Grajeda Esquivel', '5559546466', 'pestalozzi', '03100', 'Del valle Centro', 'Benito Juárez', 'aissagrajeda@gmail.com', 'No Int. 3', 'No Ext 1216', '2015-07-17 17:26:24', '', 1, 1, 0, 1, 0),
('CL20150717111', 'Alejandro Marti ', '5513855192', 'amargura ', '01000', 'San Ángel', 'Álvaro Obregón', 'amarti.haik@gmail.com', 'No Int. ', 'No Ext 83', '2015-07-17 21:11:35', '', 1, 1, 1, 1, 1),
('CL20150718112', 'Diego Herrera', '53396516', 'berlin', '04100', 'Del Carmén', 'Coyoacán', 'kobu13@hotmail.com', 'No Int. ', 'No Ext 271', '2015-07-18 14:25:37', '', 1, 1, 1, 1, 0),
('CL20150720113', 'Aissa Grajeda Esquivel', '5559546466', 'pestalozzi', '03100', 'Del valle Centro', 'Benito Juárez', 'aissagrajeda@gmail.com', 'No Int. 3', 'No Ext 1216', '2015-07-20 15:46:29', '', 1, 1, 0, 1, 1),
('CL20150721114', 'Manuel Cabrera', '56157500', 'av. coyoacán ', '03100', 'Del valle Centro', 'Benito Juárez', 'manuelcabrerarosas@gmail.com', 'No Int. ', 'No Ext 956', '2015-07-21 14:37:47', '', 1, 1, 1, 1, 0),
('CL20150722115', 'FIORELLA MANCINI', '55244911', 'jose maria olloqui', '03100', 'Del valle Centro', 'Benito Juárez', 'fioremancini@gmail.com', 'No Int. 3', 'No Ext 191', '2015-07-22 20:39:47', '', 1, 1, 1, 1, 0),
('CL20150725116', 'Marcela Tagle ', '65882151', 'insurgentes sur ', '01020', 'Guadalupe Inn', 'Álvaro Obregón', 'marcela_tagle_tr@hotmail.com', 'No Int. 404', 'No Ext 1793', '2015-07-25 15:06:05', '', 1, 1, 1, 1, 0),
('CL20150725117', 'Mario Vega', '56163336', 'reyna ', '01000', 'San Ángel', 'Álvaro Obregón', 'mave0524@gmail.com', 'No Int. ', 'No Ext 175', '2015-07-25 16:41:32', '', 1, 1, 1, 1, 1),
('CL20150731118', 'ILSE K HERRERA M', '62771671', 'adolfo prieto', '03100', 'Del valle Centro', 'Benito Juárez', 'ilsek.hm@gmail.com', 'No Int. 5', 'No Ext 1660', '2015-07-31 15:28:21', '', 1, 1, 1, 1, 0),
('CL20150731119', 'LAURA EUGENIA ESPINOZA HERNANDEZ', '54348907', 'desierto de los leones', '01790', 'Lomas de San Angel Inn', 'Álvaro Obregón', 'eugenia2428@yahoo.com.mx', 'No Int. B2-306', 'No Ext 4375', '2015-07-31 17:39:53', '', 1, 1, 1, 1, 0),
('CL20150802120', 'Maite Amuchastegui', '5513448640', 'jalapa', '01080', 'Progreso Tizapán', 'Álvaro Obregón', 'maite.amuchasteeui@gmail.com', 'No Int. 202', 'No Ext 55', '2015-08-02 18:21:30', '', 1, 1, 1, 1, 0),
('CL20150803121', 'Daniel Ehrli', '0155185527', 'jardin', '01040', 'Tlacopac San Ángel', 'Álvaro Obregón', 'Danielehrli@gmail.com', 'No Int. 4', 'No Ext 58', '2015-08-03 15:44:09', '', 1, 1, 1, 1, 0),
('CL20150805123', 'Aissa Grajeda Esquivel', '5559546466', 'pestalozzi ', '03100', 'Del valle Centro', 'Benito Juárez', 'aissagrajeda@gmail.com', 'No Int. 3', 'No Ext 1216', '2015-08-05 13:36:47', '', 1, 1, 0, 1, 2),
('CL20150807124', 'JULIO CESAR ROJAS RAZO', '56018594', 'monrovia', '03300', 'Portales Sur', 'Benito Juárez', 'julio.rojasconsultor@hotmail.com', 'No Int. casa 1', 'No Ext 1227', '2015-08-07 20:07:53', '', 1, 1, 1, 1, 0),
('CL20150812131', 'Victor Andres Trujillo Sierra', '5510009140', 'insurgentes sur', '03940', 'Crédito constructor ', 'Benito Juárez', 'vatrujillos@gmail.com', 'No Int. Piso 4', 'No Ext 1602', '2015-08-12 13:50:39', '', 1, 1, 1, 1, 0),
('CL20150813110', 'prueaba', '22222222', '222', '01760', 'Atlamaya', 'Álvaro Obregón', 'eduardopadilla@hoimail.com', 'No Int. 2', 'No Ext 2', '2015-08-13 16:11:37', '', 1, 1, 1, 1, 0),
('CL20150814111', 'prueba', '111111', 'prueba', '03840', 'Ampliación Nápoles', 'Benito Juárez', 'eduardopadilla@hoimail.com', 'No Int. 2', 'No Ext 1', '2015-08-14 13:54:50', '', 1, 1, 1, 1, 0),
('CL20150814112', 'prueba', '5555555', 'plama', '03840', 'Ampliación Nápoles', 'Benito Juárez', 'eduardopadillacz@gmail.com', 'No Int. 2', 'No Ext 2', '2015-08-14 13:57:54', '', 1, 1, 1, 1, 0),
('CL20150814113', 'Elena Muñoz ', '510409423', 'angelinas', '01000', 'San Ángel', 'Álvaro Obregón', 'maelenarm@hotmail.com', 'No Int. ', 'No Ext 18', '2015-08-14 17:12:23', '', 1, 1, 1, 1, 0),
('CL20150814114', 'MARIA ELENA MUÑOZ ', '+525556050', 'pilares', '03310', 'Santa Cruz Atoyac', 'Benito Juárez', 'maelenarm@hotmail.com', 'No Int. ', 'No Ext 1000', '2015-08-14 17:16:40', '', 1, 1, 1, 1, 0),
('CL20150815115', 'Gustavo Salas Reyes', '5562748446', 'avenida 2', '03800', 'San Pedro de los Pinos', 'Benito Juárez', 'gsalas@wachtergroup.net', 'No Int. 2', 'No Ext 123', '2015-08-15 16:31:48', '', 1, 1, 1, 1, 1),
('CL20150816116', 'Luis Camarillo', '5516462358', 'prolongación uxmal', '03340', 'General Pedro Ma. Anaya', 'Benito Juárez', 'luigi_fab@yahoo.com.mx', 'No Int. 802', 'No Ext 1115', '2015-08-16 14:36:26', '', 1, 1, 1, 1, 0),
('CL20150817117', 'Karla Luna', '5555020646', 'mier y pesado', '03100', 'Del valle Centro', 'Benito Juárez', 'k_68luna@hotmail.com', 'No Int. 4-2', 'No Ext 133', '2015-08-17 21:06:11', '', 1, 1, 1, 1, 0),
('CL20150819118', 'Georgina Hernandez Marquez', '56611721', 'vicente lombardo toledano ', '01070', 'Chimalistac', 'Álvaro Obregón', 'leafnline@gmail.com', 'No Int. 5B', 'No Ext 62', '2015-08-19 19:51:44', '', 1, 1, 1, 1, 0),
('CL20150821119', 'mariela vila', '44373161', 'nicolas san juan', '03100', 'Del valle Centro', 'Benito Juárez', 'marielavila@yahoo.com', 'No Int. 12', 'No Ext 1635', '2015-08-21 19:44:58', '', 1, 1, 1, 1, 0),
('CL20150821120', 'Hubert Ehrli Cabral', '63787653', 'calzada de los leones', '01010', 'Los Alpes', 'Álvaro Obregón', 'ehrli@yahoo.com', 'No Int. B602', 'No Ext 142', '2015-08-21 21:23:01', '', 1, 1, 0, 1, 0),
('CL20150822121', 'Martha Gutierrez', '56586317', 'cerro dos conejos', '04310', 'Romero de Terreros', 'Coyoacán', 'margbcc@hotmail.com', 'No Int. ', 'No Ext 12 BIS', '2015-08-22 17:58:32', '', 1, 1, 1, 1, 0),
('CL20150823122', 'MARIA FERNANDA LAVEAGA LLAMEDO', '56163000', '1era cerrada de frontera', '01000', 'San Ángel', 'Álvaro Obregón', 'maferlll@gmail.com', 'No Int. ', 'No Ext 21', '2015-08-23 14:49:52', '', 1, 1, 1, 1, 0),
('CL20150830123', 'Alejandra Vasco', '55547609', 'avenida universidad, edificio versalles', '04100', 'Del Carmén', 'Coyoacán', 'avascog@gmail.com', 'No Int. 303', 'No Ext 1330', '2015-08-30 14:18:22', '', 1, 1, 0, 1, 0),
('CL20150830124', 'Ana Paula Graf', '5555077280', 'manuel m. ponce', '01020', 'Guadalupe Inn', 'Álvaro Obregón', 'grafapp@gmail.com', 'No Int. ', 'No Ext 133', '2015-08-30 14:53:21', '', 1, 1, 1, 1, 0),
('CL20150830125', 'Luis Camarillo', '5516462358', 'prolongación uxmal ', '03340', 'General Pedro Ma. Anaya', 'Benito Juárez', 'luigi_fab@yahoo.com.mx', 'No Int. 802', 'No Ext 1115', '2015-08-30 15:37:12', '', 1, 1, 1, 1, 1),
('CL20150830126', 'Georgina Hernandez', '56611721', 'vicente lombardo toledano', '01070', 'Chimalistac', 'Álvaro Obregón', 'leafnline@gmail.com', 'No Int. 5', 'No Ext 62', '2015-08-30 19:45:29', '', 1, 1, 1, 1, 1),
('CL20150831127', 'Luis Camarillo cruz', '5516462358', 'prolongación uxmal', '03340', 'General Pedro Ma. Anaya', 'Benito Juárez', 'luigi_fab@yahoo.com.mx', 'No Int. 802', 'No Ext 1115', '2015-08-31 17:14:00', '', 1, 1, 1, 1, 2),
('CL20150901128', 'Mónica lópez', '36882631', 'francisco villalpando', '01020', 'Guadalupe Inn', 'Álvaro Obregón', 'monok.lo@hotmail.com', 'No Int. ', 'No Ext 1971', '2015-09-01 17:12:47', '', 1, 1, 1, 1, 0),
('CL20150905129', 'Luis camarillo', '5516462358', 'prolongación uxmal', '03340', 'General Pedro Ma. Anaya', 'Benito Juárez', 'luigi_fab@yahoo.com.mx', 'No Int. 802', 'No Ext 1115', '2015-09-05 16:52:59', '', 1, 1, 1, 1, 3),
('CL20150912130', 'Daniel Ehrli', '0155185527', 'jardin', '01040', 'Tlacopac San Ángel', 'Álvaro Obregón', 'Danielehrli@gmail.com', 'No Int. 4', 'No Ext 58', '2015-09-12 16:36:33', '', 1, 1, 1, 1, 1),
('CL20150912131', 'Cinthya Estrada Manilla', '63082738', 'pitágoras', '03100', 'Del valle Centro', 'Benito Juárez', 'cinthyaem@gmail.com', 'No Int. 3', 'No Ext 1243', '2015-09-12 19:32:08', '', 1, 1, 1, 1, 0),
('CL20150918132', 'Luis Camarillo', '5516462358', 'prolongación uxmal ', '03340', 'General Pedro Ma. Anaya', 'Benito Juárez', 'luigi_fab@yahoo.com.mx', 'No Int. 802', 'No Ext 1115', '2015-09-18 19:46:49', '', 1, 1, 1, 1, 4),
('CL20150919133', 'deborah', '12514737', 'av. revolución', '01020', 'Guadalupe Inn', 'Álvaro Obregón', 'debo34@hotmail.com', 'No Int. ', 'No Ext 1434', '2015-09-19 19:20:31', '', 1, 1, 1, 1, 0),
('CL20150920134', 'Flor leon', '56011973', 'av rio churubusco', '03330', 'Xoco', 'Benito Juárez', 'florleonh@hotmail.com', 'No Int. 301', 'No Ext 601', '2015-09-20 16:21:16', '', 1, 1, 1, 1, 0),
('CL20150926135', 'ERICK ZACAPO CALVO', '5517983062', 'cda de claudio arciniega', '03910', 'Mixcoac', 'Benito Juárez', 'erick_zc@hotmail.con', 'No Int. 204', 'No Ext 19', '2015-09-26 15:22:31', '', 1, 1, 1, 1, 0),
('CL20150926136', 'Fernando Cuevas Bautista', '56631887', 'hortensia', '01030', 'La Florida', 'Álvaro Obregón', 'fcbcuevas@gmail.com', 'No Int. 4', 'No Ext 235', '2015-09-26 18:19:36', '', 1, 1, 1, 1, 0),
('CL20150926137', 'Flor ', '56011973', 'av rio churubusco', '03330', 'Xoco', 'Benito Juárez', 'florleonh@hotmail.com', 'No Int. 301', 'No Ext 601', '2015-09-26 18:38:11', '', 1, 1, 1, 1, 1),
('CL20150927138', 'Christa Eversbusch W.', '56632551', 'lorenzo barcelata', '01020', 'Guadalupe Inn', 'Álvaro Obregón', 'christaew@gmail.com', 'No Int. 502', 'No Ext 10', '2015-09-27 14:53:24', '', 1, 1, 1, 1, 0),
('CL20150927139', 'Daniel Ehrli', '0155185527', 'jardin', '01040', 'Tlacopac San Ángel', 'Álvaro Obregón', 'Danielehrli@gmail.com', 'No Int. 4', 'No Ext 58', '2015-09-27 15:22:35', '', 1, 1, 1, 1, 2),
('CL20150927140', 'Luis Camarillo', '5516462358', 'prolongación uxmal ', '03340', 'General Pedro Ma. Anaya', 'Benito Juárez', 'luigi_fab@yahoo.com.mx', 'No Int. 802', 'No Ext 1115', '2015-09-27 18:59:23', '', 1, 1, 1, 1, 5),
('CL20150928141', 'maria jones', '55956771', 'miguel hidalgo ', '10200', 'San Jerónimo Lídice ', 'La Magdalena Contreras', 'marijonesr@mac.com', 'No Int. ', 'No Ext 21', '2015-09-28 21:07:39', '', 1, 1, 1, 1, 0),
('CL20151002142', 'Daniel Ehrli', '0155185527', 'jardin ', '01040', 'Tlacopac San Ángel', 'Álvaro Obregón', 'Danielehrli@gmail.com', 'No Int. 4', 'No Ext 58 ', '2015-10-02 19:41:57', '', 1, 1, 1, 1, 3),
('CL20151003143', 'Martha Gutierrez', '5534328941', 'cerro dos conejos ', '04310', 'Romero de Terreros', 'Coyoacán', 'margbcc@hotmail.com', 'No Int. ', 'No Ext 12 bis', '2015-10-03 15:05:14', '', 1, 1, 1, 1, 0),
('CL20151004144', 'Flor leon', '5539002850', 'av rio churubusco', '03330', 'Xoco', 'Benito Juárez', 'florleonh@hotmail.com', 'No Int. 301', 'No Ext 601', '2015-10-04 14:42:40', '', 1, 1, 1, 1, 0),
('CL20151004145', 'Luis Camarillo ', '5516462358', 'prolongación uxmal ', '03340', 'General Pedro Ma. Anaya', 'Benito Juárez', 'luigi_fab@yahoo.com.mx', 'No Int. 802', 'No Ext 1115', '2015-10-04 17:40:15', '', 1, 1, 1, 1, 6),
('CL20151007146', 'Adam Wirth', '5535530583', 'vito alessio robles', '01030', 'La Florida', 'Álvaro Obregón', 'lois.child@churchill.edu.mx', 'No Int. 5', 'No Ext 229', '2015-10-07 18:39:45', '', 1, 1, 0, 1, 0),
('CL20151008147', 'Mayra castillo ', '9581098522', 'av universidad 1953', '04340', 'Copilco Universidad Unidad Habitacional', 'Coyoacán', 'maaycast@live.com.mx', 'No Int. Sn', 'No Ext 17', '2015-10-08 14:52:48', '', 1, 1, 1, 1, 0),
('CL20151008148', 'fabiola hack prestinary', '55680226', 'peñas', '01900', 'Jardines del Pedregal', 'Álvaro Obregón', 'hack.fabiola@yahoo.com', 'No Int. ', 'No Ext 445', '2015-10-08 20:52:09', '', 1, 1, 1, 1, 0),
('CL20151009149', 'Flor leon', '56011973', 'av. rio churubusco', '03330', 'Xoco', 'Benito Juárez', 'florleonh@hotmail.com', 'No Int. 301', 'No Ext 601', '2015-10-09 17:02:32', '', 1, 1, 1, 1, 2),
('CL20151021150', 'Eduardo Padilla', '55666666', 'palma', '01000', 'San Ángel', 'Álvaro Obregón', 'eduardopadillacz@gmail.com', 'No Int. 344', 'No Ext 2', '2015-10-21 21:28:59', '', 1, 1, 1, 1, 0),
('CL20151021151', 'lalo', '44455544', 'dasd222', '01000', 'San Ángel', 'Álvaro Obregón', 'eduardopadillacz@gmail.com', 'No Int. 222', 'No Ext 22', '2015-10-21 22:19:15', '', 1, 1, 1, 1, 0),
('CL20151021152', 'uhuu', '3333333333', 'ddddd332', '01000', 'San Ángel', 'Álvaro Obregón', 'eduardopadillacz@gmail.com', 'No Int. 333333333', 'No Ext 433344', '2015-10-21 22:27:23', '', 1, 1, 1, 1, 0),
('CL20151021153', 'x', '55552', 'ffff', '01000', 'San Ángel', 'Álvaro Obregón', 'eduardopadillacz@gmail.com', 'No Int. 2', 'No Ext 2', '2015-10-21 22:54:12', '', 1, 1, 1, 1, 0),
('CL20151026154', 'Israel Ampudia', '0155854659', 'san juan', '03100', 'San Borja Insurgentes', 'Benito Juárez', 'israel.ampudia@eenterprise.mx', 'No Int. 23', 'No Ext 23', '2015-10-26 19:02:15', '', 1, 1, 1, 1, 0),
('CL20151026155', 'paulina ponce', '55555555', 'av', '03310', 'Santa Cruz Atoyac', 'Benito Juárez', 'paus_ponce@hotmail.com', 'No Int. 2', 'No Ext q', '2015-10-26 19:06:19', '', 1, 1, 1, 1, 0),
('CL20151028156', 'LUIS ARRIETA JOFEE', '56611407', 'lorenzo barcelata', '01020', 'Guadalupe Inn', 'Álvaro Obregón', 'enilia_pt8@hotmail.com', 'No Int. 503', 'No Ext 10', '2015-10-28 19:39:18', '', 1, 1, 0, 1, 0),
('CL20151029157', 'Daniel Ehrli Solloa', '0155185527', 'jardin', '01040', 'Tlacopac San Ángel', 'Álvaro Obregón', 'Danielehrli@gmail.com', 'No Int. 4', 'No Ext 58', '2015-10-29 20:56:15', '', 1, 1, 1, 1, 4),
('CL20151030158', 'Tamara Junquera', '56160707', 'simon yarto', '01000', 'San Ángel', 'Álvaro Obregón', 'tamarajunquera@hotmail.com', 'No Int. ', 'No Ext 22', '2015-10-30 14:56:42', '', 1, 1, 1, 1, 0),
('CL20151030159', 'Georgina Hernandez Marquez', '56611721', 'vicente lombardo toledano', '01070', 'Chimalistac', 'Álvaro Obregón', 'leafnline@gmail.com', 'No Int. 5B', 'No Ext 62', '2015-10-30 18:46:30', '', 1, 1, 1, 1, 2),
('CL20151101160', 'Ximena Guerrero Alarcón', '55932423', 'mercaderes', '03900', 'San José Insurgentes', 'Benito Juárez', 'ximenaguerreroa@gmail.com', 'No Int. ', 'No Ext 119', '2015-11-01 13:49:18', '', 1, 1, 0, 1, 0),
('CL20151104161', 'Arturo Magdaleno', '5585822390', 'galeana', '01000', 'San Ángel', 'Álvaro Obregón', 'sanangelinfo@mac.com', 'No Int. ', 'No Ext 68bis', '2015-11-04 19:24:04', '', 1, 1, 1, 1, 0),
('CL20151109162', 'Wanda Ostyk-Narbutt', '54812050', 'cracovia', '01000', 'San Ángel', 'Álvaro Obregón', 'wanda.ostyk-narbutt@msz.gov.pl', 'No Int. ', 'No Ext 40', '2015-11-09 14:26:18', '', 1, 1, 1, 1, 0),
('CL20151112163', 'Embajada de Polonia (Wanda)', '5554812051', 'cracovia', '01000', 'San Ángel', 'Álvaro Obregón', 'meksyk.amb.sekretariat@msz.gov.pl', 'No Int. ', 'No Ext 40', '2015-11-12 13:53:14', '', 1, 1, 1, 1, 0),
('CL20151114164', 'Cinthya Estrada Manilla', '63082738', 'pitágoras', '03100', 'Del valle Centro', 'Benito Juárez', 'cinthyaem@gmail.com', 'No Int. 3', 'No Ext 1243', '2015-11-14 14:25:06', '', 1, 1, 1, 1, 1),
('CL20151114165', 'MaElena ', '5555555555', 'planes ', '03310', 'Santa Cruz Atoyac', 'Benito Juárez', 'maelenarm@hotmail.com', 'No Int. ', 'No Ext 34', '2015-11-14 14:43:12', '', 1, 1, 1, 1, 0),
('CL20151114166', 'Israel Ampudia Ochoa', '+525535412', 'hbbh', '03310', 'Santa Cruz Atoyac', 'Benito Juárez', 'israel.ampudia@hotmail.com', 'No Int. Hbb', 'No Ext 766', '2015-11-14 17:04:09', '', 1, 1, 1, 1, 0),
('CL20151114167', 'Ma Magdalena G Barros N', '55956980', 'clavel ', '10200', 'San Jerónimo Lídice ', 'La Magdalena Contreras', 'magdalena333@ymail.com', 'No Int. 3', 'No Ext 35', '2015-11-14 17:24:06', '', 1, 1, 1, 1, 0),
('CL20151114168', 'Luis Arrieta ', '56611407', 'lorenzo barcelata ', '01020', 'Guadalupe Inn', 'Álvaro Obregón', 'luismexi@hotmail.com', 'No Int. 503', 'No Ext 10', '2015-11-14 21:20:53', '', 1, 1, 1, 1, 4),
('CL20151117169', 'Maris ele a ', '555555555', 'san Ángel ', '01000', 'San Ángel', 'Álvaro Obregón', 'maelenarm@hotmail.com', 'No Int. ', 'No Ext 67', '2015-11-17 16:49:35', '', 1, 1, 1, 1, 0),
('CL20151120170', 'Luis Arrieta Joffe', '56611407', 'lorenzo barcelata ', '01020', 'Guadalupe Inn', 'Álvaro Obregón', 'luismexi@hotmail.com', 'No Int. 503', 'No Ext 10', '2015-11-20 15:55:46', '', 1, 1, 1, 1, 5),
('CL20151120171', 'Ana Maus Gutierrez', '0155566849', 'rio san angel ', '01760', 'Atlamaya', 'Álvaro Obregón', 'mausana@hotmail.com', 'No Int. ', 'No Ext 364', '2015-11-20 20:38:32', '', 1, 1, 0, 1, 0),
('CL20151121172', 'Carlos Ruíz Estrada', '44340233', 'gabriel mancera', '03100', 'Del valle Centro', 'Benito Juárez', 'carlos_tonatiuh@me.com', 'No Int. 3', 'No Ext 1563', '2015-11-21 14:57:35', '', 1, 1, 1, 1, 0),
('CL20151122173', 'Alexis Papacostas Villegas', '56680212', 'las flores', '01760', 'Flor de María', 'Álvaro Obregón', 'alexispv@gmail.com', 'No Int. 3', 'No Ext 561', '2015-11-22 14:24:05', '', 1, 1, 0, 1, 0),
('CL20151122174', 'Magdalena Barros', '55956980', 'clavel', '10200', 'San Jerónimo Lídice ', 'La Magdalena Contreras', 'magdalena333@ymail.com', 'No Int. 3', 'No Ext 35', '2015-11-22 16:16:19', '', 1, 1, 1, 1, 1),
('CL20151123175', 'Alexandro Camara ', '59892391', 'calzada de los leones ', '01010', 'Los Alpes', 'Álvaro Obregón', 'alexandrocamara7@gmail.com', 'No Int. 9', 'No Ext 224', '2015-11-23 21:17:24', '', 1, 1, 0, 1, 0),
('CL20151124176', 'Alexandro Camara', '59892391', 'calzada de los leones ', '01010', 'Los Alpes', 'Álvaro Obregón', 'alexandrocamara7@gmail.com', 'No Int. 9', 'No Ext 224', '2015-11-24 16:48:04', '', 1, 1, 0, 1, 1),
('CL20151124177', 'Daniel Camara', '59892385', 'calzada de los leones ', '01010', 'Los Alpes', 'Álvaro Obregón', 'danielcamaraj@gmail.com', 'No Int. 9', 'No Ext 224', '2015-11-24 18:16:20', '', 1, 1, 1, 1, 0),
('CL20151126178', 'Alfonso Gonzalez', '5540395739', 'francisco javier mina', '04100', 'Del Carmén', 'Coyoacán', 'oorlygax@gmail.com', 'No Int. ', 'No Ext 92', '2015-11-26 13:56:12', '', 1, 1, 1, 1, 0),
('CL20151126179', 'Hubert Ehrli Cabral', '63787653', 'calzada de los leones', '01010', 'Los Alpes', 'Álvaro Obregón', 'ehrli@yahoo.com', 'No Int. B602', 'No Ext 142', '2015-11-26 20:48:17', '', 1, 1, 1, 1, 1),
('CL20151128180', 'Luis Arrieta', '56611407', 'lorenzo barcelta', '01020', 'Guadalupe Inn', 'Álvaro Obregón', 'luismexi@hotmail.com', 'No Int. 503', 'No Ext 10', '2015-11-28 20:48:48', '', 1, 1, 1, 1, 6),
('CL20151129181', 'prueba', '00000000', 'prueba', '03240', 'Acacias', 'Benito Juárez', 'eduardopadillacz@gmail.com', 'No Int. 14', 'No Ext 25', '2015-11-29 18:04:33', '', 1, 1, 1, 1, 0),
('CL20151129182', 'Asían Bistro', '0155855559', 'jfksjdkfk', '03100', 'San Borja Insurgentes', 'Benito Juárez', 'israel.ampudia@eenterprise.mx', 'No Int. Hbb', 'No Ext 766', '2015-11-29 18:33:39', '', 1, 1, 1, 1, 0),
('CL20151201183', 'Alexandro Camara', '59892391', 'calzada de los leones ', '01010', 'Los Alpes', 'Álvaro Obregón', 'alexandrocamara7@gmail.com', 'No Int. 9', 'No Ext 224', '2015-12-01 16:22:15', '', 1, 1, 0, 1, 2),
('CL20151202184', 'Lena', '555555555', 'amelia ', '01000', 'San Ángel', 'Álvaro Obregón', 'maelenarm@hotmail.com', 'No Int. ', 'No Ext 6', '2015-12-02 21:19:43', '', 1, 1, 1, 1, 1),
('CL20151202185', 'prueba', '5555', 'x', '01000', 'San Ángel', 'Álvaro Obregón', 'eduardopadillacz@gmail.com', 'No Int. x', 'No Ext x', '2015-12-02 22:18:14', '', 1, 1, 1, 1, 0),
('CL20151202186', 'eduardo', '55', 'x', '01000', 'San Ángel', 'Álvaro Obregón', 'eduardopadillacz@gmail.com', 'No Int. x', 'No Ext x', '2015-12-02 22:20:15', '', 1, 1, 1, 1, 0),
('CL20151202187', 'jos', '555', 'x', '01000', 'San Ángel', 'Álvaro Obregón', 'eduardopadillacz@gmail.com', 'No Int. 1', 'No Ext 1', '2015-12-02 22:24:25', '', 1, 1, 1, 1, 0),
('CL20151202188', '3eqweq|', '55', 'das', '01000', 'San Ángel', 'Álvaro Obregón', 'eduardopadillacz@gmail.com', 'No Int. das', 'No Ext das', '2015-12-02 23:23:00', '', 1, 1, 1, 1, 1),
('CL20151203189', 'prueb', '55', 'dasda', '01000', 'San Ángel', 'Álvaro Obregón', 'eduardopadillacz@gmail.com', 'No Int. das', 'No Ext das', '2015-12-03 00:59:34', '', 1, 1, 1, 1, 2),
('CL20151203190', 'Prueba', '2222222222', 'peruba calle', '01000', 'San Ángel', 'Álvaro Obregón', 'eduardopadillacz@gmail.com', 'No Int. calle1', 'No Ext calle', '2015-12-03 01:11:45', '', 1, 1, 1, 1, 0),
('CL20151203191', 'PRUEBA', '455', 'prueb', '01000', 'San Ángel', 'Álvaro Obregón', 'eduardopadillacz@gmail.com', 'No Int. 2', 'No Ext 2', '2015-12-03 01:17:34', '', 1, 1, 1, 1, 0),
('CL20151203192', 'Prueba', '5555', 'das', '03240', 'Acacias', 'Benito Juárez', 'eduardopadillacz@gmail.com', 'No Int. das', 'No Ext das', '2015-12-03 01:45:09', '', 1, 1, 1, 1, 0),
('CL20151204193', 'Paulette Garcia Andaluz', '4433605444', 'cerro del agua ', '04310', 'Romero de Terreros', 'Coyoacán', 'paulette.andaluz@gmail.com', 'No Int. ', 'No Ext 128', '2015-12-04 19:33:22', '', 1, 1, 0, 1, 0),
('CL20151206194', 'Adolfo Pantoja', '65858782', 'av. primero de mayo ', '03800', 'San Pedro de los Pinos', 'Benito Juárez', 'elibruges@gmail.com', 'No Int. 302', 'No Ext 146', '2015-12-06 14:43:34', '', 1, 1, 1, 1, 0),
('CL20151206195', 'Alejandro Aispuro Martinez', '5512343175', 'privada de alamos', '01070', 'Chimalistac', 'Álvaro Obregón', 'am.arq.alejandro@gmail.com', 'No Int. 2', 'No Ext 10', '2015-12-06 15:38:29', '', 1, 1, 0, 1, 0),
('CL20151214196', 'Luis Arrieta', '56611407', 'lorenzo barcelta', '01020', 'Guadalupe Inn', 'Álvaro Obregón', 'luismexi@hotmail.com', 'No Int. 503', 'No Ext 10', '2015-12-14 15:02:25', '', 1, 1, 1, 1, 7),
('CL20151216197', 'Carlos Cajina', '5534832909', 'calero', '01060', 'San Angel Inn', 'Álvaro Obregón', 'kjas77@gmail.com', 'No Int. ', 'No Ext 9', '2015-12-16 20:53:53', '', 1, 1, 1, 1, 0),
('CL20151219198', 'Paola Vega', '55323198', 'nevado', '03300', 'Portales Sur', 'Benito Juárez', 'paovy_1602@hotmail.com', 'No Int. 202', 'No Ext 119', '2015-12-19 19:13:35', '', 1, 1, 1, 1, 0),
('CL20151221199', 'Laura E. Espinoza H.', '+525554348', 'desierto de los leones', '01790', 'Lomas de San Angel Inn', 'Álvaro Obregón', 'lespinoza3008@gmail.com', 'No Int. B2 504', 'No Ext 4375', '2015-12-21 18:44:44', '', 1, 1, 1, 1, 0),
('CL20151226200', 'Miguel Angel de la Torre Montiel', '5554558975', 'tajin ', '03650', 'Letran Valle', 'Benito Juárez', 'soymike1983@gmail.com', 'No Int. ', 'No Ext 659', '2015-12-26 15:20:08', '', 1, 1, 1, 1, 0),
('CL20151227201', 'Miguel Agustin Nuñez Urquiza', '5513372441', 'prolongacion uxmal', '03310', 'Santa Cruz Atoyac', 'Benito Juárez', 'mizur@hotmail.com', 'No Int. 3', 'No Ext 1009', '2015-12-27 13:32:34', '', 1, 1, 1, 1, 0),
('CL20151231202', 'Jaquelinee Martínez torres ', '70404012', 'calle 3 manzana 3 lote 30', '01790', 'Lomas de San Angel Inn', 'Álvaro Obregón', 'seira_223@hotmail.com', 'No Int. ', 'No Ext S/n', '2015-12-31 18:28:52', '', 1, 1, 1, 1, 0),
('CL20160103203', 'Alvaro Altamirano', '56833223', 'rio san angel 307', '01760', 'Atlamaya', 'Álvaro Obregón', 'jajaja@hotmail.com', 'No Int. ', 'No Ext Atlamaya', '2016-01-03 14:13:51', '', 1, 1, 0, 1, 0),
('CL20160103204', 'Daniel Ehrli', '0155185527', 'jardin ', '01040', 'Tlacopac San Ángel', 'Álvaro Obregón', 'Danielehrli@gmail.com', 'No Int. R', 'No Ext 58', '2016-01-03 17:18:13', '', 1, 1, 1, 1, 5),
('CL20160103205', 'DANIEL ALONZO RAMIREZ ECHEVERRIA', '62771671', 'adolfo prieto', '03100', 'Del valle Centro', 'Benito Juárez', 'danraech@gmail.com', 'No Int. 5', 'No Ext 1660', '2016-01-03 17:19:36', '', 1, 1, 1, 1, 0),
('CL20160110206', 'Claudia Álvarez ', '55492949', 'callejón acatitla ', '01760', 'Atlamaya', 'Álvaro Obregón', 'clauam88@gmail.com', 'No Int. 8', 'No Ext 29', '2016-01-10 15:12:20', '', 1, 1, 1, 1, 0),
('CL20160110207', 'Israel Ampudia', '0155854659', 'prueba', '03310', 'Santa Cruz Atoyac', 'Benito Juárez', 'israel.ampudia@eenterprise.mx', 'No Int. prueba', 'No Ext 766', '2016-01-10 18:16:13', '', 1, 1, 1, 1, 0),
('CL20160110208', 'Israel Ampudia', '0155854659', 'prueba', '03310', 'Santa Cruz Atoyac', 'Benito Juárez', 'israel.ampudia@eenterprise.mx', 'No Int. prueba', 'No Ext prueba', '2016-01-10 19:50:50', '', 1, 1, 1, 1, 1),
('CL20160110209', 'Israel Ampudia', '0155854659', 'prueba', '03310', 'Santa Cruz Atoyac', 'Benito Juárez', 'israel.ampudia@eenterprise.mx', 'No Int. prueba', 'No Ext prueba', '2016-01-10 20:07:36', '', 1, 1, 1, 1, 2),
('CL20160110210', 'Israel Ampudia', '0155854659', 'prueba, rechazar', '01000', 'San Ángel', 'Álvaro Obregón', 'israel.ampudia@eenterprise.mx', 'No Int. prueba, rechazar', 'No Ext prueba, rechazar', '2016-01-10 20:20:09', '', 1, 1, 1, 1, 1),
('CL20160110211', 'Israel Ampudia', '0155854659', 'prueba, rechazar', '01090', 'Loreto', 'Álvaro Obregón', 'israel.ampudia@eenterprise.mx', 'No Int. prueba, rechazar', 'No Ext prueba, rechazar', '2016-01-10 20:28:23', '', 1, 1, 1, 1, 0),
('CL20160117212', 'Lizbeth Iserte Nader', '5559123798', 'monrovia', '03300', 'Portales Sur', 'Benito Juárez', 'lizbeth_iserte@hotmail.com', 'No Int. 402', 'No Ext 1234', '2016-01-17 16:08:21', '', 1, 1, 0, 1, 0),
('CL20160117213', 'marcela tagle', '5554330762', 'insurgentes sur ', '01020', 'Guadalupe Inn', 'Álvaro Obregón', 'marcela_tagle_tr@hotmail.com', 'No Int. 404', 'No Ext 1793', '2016-01-17 16:53:49', '', 1, 1, 1, 1, 0),
('CL20160118214', 'Israel ampudia', '5555558588', 'san morenzo', '03100', 'Del valle Centro', 'Benito Juárez', 'israel.ampudia@eenterprise.mx', 'No Int. 123', 'No Ext 123', '2016-01-18 18:00:38', '', 1, 1, 1, 1, 0),
('CL20160118215', 'Jdjdj', '515455666', 'hejej', '03100', 'Del valle Centro', 'Benito Juárez', 'israel.ampudia@hotmail.com', 'No Int. Jfjfjf', 'No Ext Rjdkrk', '2016-01-18 19:09:26', '', 1, 1, 1, 1, 0),
('CL20160118216', 'Israel Ampudia', '0155854659', 'hjvh', '03100', 'Del valle Centro', 'Benito Juárez', 'israel.ampudia@eenterprise.mx', 'No Int. Yjv', 'No Ext Hjv', '2016-01-18 19:12:38', '', 1, 1, 1, 1, 1),
('CL20160118217', 'paulina ponce', '333333', 'av universidad', '03310', 'Santa Cruz Atoyac', 'Benito Juárez', 'paus_ponce@hotmail.com', 'No Int. ', 'No Ext 1000', '2016-01-18 19:23:09', '', 1, 1, 1, 1, 0),
('CL20160118218', 'paulina ponce', '322222', 'cda desierto', '01000', 'San Ángel', 'Álvaro Obregón', 'paus_ponce@hotmail.com', 'No Int. ', 'No Ext 2', '2016-01-18 20:56:02', '', 1, 1, 1, 1, 0),
('CL20160120219', 'Isra', '5555555555', 'prueba 1000', '01000', 'San Ángel', 'Álvaro Obregón', 'israel.ampudia@gmail.com', 'No Int. Prueba 1000', 'No Ext Prueba 1000', '2016-01-20 18:36:40', '', 1, 1, 1, 1, 0),
('CL20160120220', 'elena', '5555555', 'san angel ', '01000', 'San Ángel', 'Álvaro Obregón', 'maelenarm@hotmail.com', 'No Int. ', 'No Ext 45', '2016-01-20 18:51:09', '', 1, 1, 1, 1, 0),
('CL20160121221', 'Israel Ampudia', '0155854659', 'prueba 21 enero', '01000', 'San Ángel', 'Álvaro Obregón', 'israel.ampudia@hotmail.com', 'No Int. 21', 'No Ext 21', '2016-01-21 13:47:04', '', 1, 1, 1, 1, 0),
('CL20160121222', 'Israel Ampudia', '0155854659', 'prueba 21 enero', '01000', 'San Ángel', 'Álvaro Obregón', 'israel.ampudia@hotmail.com', 'No Int. Hbb', 'No Ext 766', '2016-01-21 13:50:40', '', 1, 1, 1, 1, 1),
('CL20160121223', 'Israel Ampudia', '0155854659', 'prueba 21 enero', '03310', 'Santa Cruz Atoyac', 'Benito Juárez', 'israel.ampudia@hotmail.com', 'No Int. prueba 21 enero', 'No Ext prueba 21 enero', '2016-01-21 13:57:27', '', 1, 1, 1, 1, 0),
('CL20160121224', 'Israel Ampudia', '0155854659', 'prueba 21 enero gmail', '03100', 'Del valle Centro', 'Benito Juárez', 'israel.ampudia@gmail.com', 'No Int. prueba 21 enero gmail', 'No Ext prueba 21 enero gmail', '2016-01-21 13:59:48', '', 1, 1, 1, 1, 0),
('CL20160121225', 'elena', '5555555', 'desiertp', '01000', 'San Ángel', 'Álvaro Obregón', 'maelenarm@hotmail.com', 'No Int. 1', 'No Ext 21', '2016-01-21 18:15:06', '', 1, 1, 1, 1, 1),
('CL20160124226', 'Isabela M Giordano Pacheco', '56617852', 'manuel m ponce', '01020', 'Guadalupe Inn', 'Álvaro Obregón', 'gio.smooth@hotmail.com', 'No Int. 202', 'No Ext 321', '2016-01-24 17:55:28', '', 1, 1, 1, 1, 0),
('CL20160129227', 'ANA CECILIA CAMACHO CONSUELOS', '91837843', 'chilaque', '04120', 'San Diego Churubusco', 'Coyoacán', 'aceciul@gmail.com', 'No Int. ', 'No Ext 9', '2016-01-29 14:37:53', '', 1, 1, 1, 1, 0),
('CL20160129228', 'aissa grajeda', '5559546466', 'pestalozzi', '03100', 'Del valle Centro', 'Benito Juárez', 'aissagrajeda@gmail.com', 'No Int. 3', 'No Ext 1216', '2016-01-29 15:04:43', '', 1, 1, 0, 1, 3),
('CL20160129229', 'Luis Arrieta', '56611407', 'lorenzo barcelta ', '01020', 'Guadalupe Inn', 'Álvaro Obregón', 'luismexi@hotmail.com', 'No Int. 103', 'No Ext 10', '2016-01-29 20:28:48', '', 1, 1, 1, 1, 8),
('CL20160201230', 'Rafael Sanchez Sanchez', '56164635', 'reforma', '01000', 'San Ángel', 'Álvaro Obregón', 'rsanch10@hotmail.com', 'No Int. ', 'No Ext 79', '2016-02-01 15:55:09', '', 1, 1, 1, 1, 0),
('CL20160201231', 'Mario Alberto Posadas Navarro', '5542703380', 'uxmal', '03600', 'Vertiz Narvarte', 'Benito Juárez', 'mario_apn@hotmail.com', 'No Int. 306', 'No Ext 587', '2016-02-01 18:29:55', '', 1, 1, 1, 1, 0),
('CL20160204232', 'ANA CECILIA CAMACHO CONSUELOS', '5591837843', 'chilaque', '04120', 'San Diego Churubusco', 'Coyoacán', 'aceciul@gmail.com', 'No Int. ', 'No Ext 9', '2016-02-04 13:10:38', '', 1, 1, 1, 1, 0),
('CL20160205233', 'Prueba de Impresion ', '5555555555', 'prueba de impresion ', '01000', 'San Ángel', 'Álvaro Obregón', 'israel.ampudia@eenterprise.mx', 'No Int. Prueba de Impresion ', 'No Ext Prueba de Impresion ', '2016-02-05 15:41:39', '', 1, 1, 1, 1, 0),
('CL20160205234', 'oscar sanchez escandon', '56059101', 'avanida coyoacan ', '03104', 'Del Valle Sur', 'Benito Juárez', 'oscarse@att.net.mx', 'No Int. casa 8', 'No Ext 1722', '2016-02-05 21:00:21', '', 1, 1, 1, 1, 0),
('CL20160206235', 'Luis Arrieta', '56611407', 'lorenzo barcelta ', '01020', 'Guadalupe Inn', 'Álvaro Obregón', 'luismexi@hotmail.com', 'No Int. 503', 'No Ext 10', '2016-02-06 15:30:34', '', 1, 1, 1, 1, 9);
INSERT INTO `cliente` (`idCliente`, `NombreCompleto`, `telefono`, `calle`, `CP`, `colonia`, `Delegacion`, `email`, `NoInt`, `Noext`, `registro`, `password`, `estado`, `terminos`, `notificaciones`, `notedad`, `tipoCliente`) VALUES
('CL20160206236', 'Cristina Martín', '56614006', 'callejon del olivo', '01030', 'La Florida', 'Álvaro Obregón', 'dannspa@hotmail.com', 'No Int. ', 'No Ext 30', '2016-02-06 19:51:28', '', 1, 1, 1, 1, 0),
('CL20160207237', 'Andrea Benito Cuevas', '5560667066', 'ferrocarril del valle', '01090', 'Tizapán', 'Álvaro Obregón', 'andrea_753@live.com.mx', 'No Int. 202', 'No Ext 79', '2016-02-07 14:44:30', '', 1, 1, 1, 1, 0),
('CL20160210238', 'Javier Sales', '5529810795', 'hermenegildo galeana', '01060', 'San Angel Inn', 'Álvaro Obregón', 'jsales2012@hotmail.com', 'No Int. 5', 'No Ext 101B', '2016-02-10 18:37:24', '', 1, 1, 0, 1, 0),
('CL20160211239', 'Aissa Grajeda Esquivel', '5559546466', 'pestalozzi', '03100', 'Del valle Centro', 'Benito Juárez', 'aissagrajeda@gmail.com', 'No Int. 3', 'No Ext 1216', '2016-02-11 15:59:46', '', 1, 1, 0, 1, 4),
('CL20160213240', 'Deborah Farji', '5521167322', 'av revolución ', '01020', 'Guadalupe Inn', 'Álvaro Obregón', 'debo34@hotmail.com', 'No Int. ', 'No Ext 1434', '2016-02-13 20:04:35', '', 1, 1, 0, 1, 0),
('CL20160220241', 'Bernardo chavero', '47544791', 'callejon de acatitla', '01760', 'Atlamaya', 'Álvaro Obregón', 'bchavero1@hotmail.com', 'No Int. 1', 'No Ext 29', '2016-02-20 16:22:40', '', 1, 1, 0, 1, 0),
('CL20160220242', 'Rechazar prueba', '5555555555', 'rechazar prueba', '03310', 'Santa Cruz Atoyac', 'Benito Juárez', 'israel.ampudia@eenterprise.mx', 'No Int. Rechazar prueba', 'No Ext Rechazar prueba', '2016-02-20 19:40:57', '', 1, 1, 1, 1, 0),
('CL20160220243', 'Rechazar prueba', '5555555', 'rechazar prueba', '01000', 'San Ángel', 'Álvaro Obregón', 'israel.ampudia@eenterprise.mx', 'No Int. ', 'No Ext Rechazar prueba', '2016-02-20 19:46:17', '', 1, 1, 1, 1, 0),
('CL20160223244', 'maria elena', '5555555', 'pilares ', '03310', 'Santa Cruz Atoyac', 'Benito Juárez', 'maelenarm@hotmail.com', 'No Int. ', 'No Ext 21', '2016-02-23 17:15:11', '', 1, 1, 1, 1, 0),
('CL20160223245', 'maelena', '5555555', 'revolucion', '01000', 'San Ángel', 'Álvaro Obregón', 'maelenarm@hotmail.com', 'No Int. ', 'No Ext 45', '2016-02-23 17:18:58', '', 1, 1, 1, 1, 2),
('CL20160223246', 'maria elena ', '555555', 'revolucion ', '01000', 'San Ángel', 'Álvaro Obregón', 'maelenarm@hotmail.com', 'No Int. ', 'No Ext 325', '2016-02-23 19:23:17', '', 1, 1, 1, 1, 0),
('CL20160226247', 'sofia solares', '56686256', 'camino al desierto de los leones', '01790', 'Lomas de San Angel Inn', 'Álvaro Obregón', 'sofiasolareso@hotmail.com', 'No Int. 5', 'No Ext 4048', '2016-02-26 14:27:48', '', 1, 1, 0, 1, 0),
('CL20160226248', 'sofia solares', '56686256', 'camino al desierto de los leones', '01790', 'Lomas de San Angel Inn', 'Álvaro Obregón', 'sofiasolareso@hotmail.com', 'No Int. 5', 'No Ext 4048', '2016-02-26 14:27:49', '', 1, 1, 0, 1, 1),
('CL20160227249', 'Maria elena Muñoz', '10189091', 'calle #20', '03800', 'San Pedro de los Pinos', 'Benito Juárez', 'maelenarm@hotmail.com', 'No Int. 403-B', 'No Ext 19', '2016-02-27 18:11:11', '', 1, 1, 1, 1, 0),
('CL20160228250', 'antonio carus contreras', '5555033103', 'queretaro ', '01080', 'Progreso Tizapán', 'Álvaro Obregón', 'paulina@espmexico.com', 'No Int. pb2', 'No Ext 138', '2016-02-28 17:32:20', '', 1, 1, 1, 1, 0),
('CL20160228251', 'Israel Ampudia', '0155854659', 'prueba, favor de rechazar', '03100', 'Del valle Centro', 'Benito Juárez', 'israel.ampudia@eenterprise.mx', 'No Int. prueba, favor de rechazar', 'No Ext prueba, favor de rechazar', '2016-02-28 18:11:37', '', 1, 1, 1, 1, 2),
('CL20160228252', 'Israel Ampudia', '0155854659', 'genova 44', '01000', 'San Ángel', 'Álvaro Obregón', 'israel.ampudia@eenterprise.mx', 'No Int. prueba, favor de rechazar', 'No Ext prueba, favor de rechazar', '2016-02-28 18:12:37', '', 1, 1, 1, 1, 2),
('CL20160312253', 'Maria Victoria Baratta', '5551689071', 'tercer retorno de epsilon ', '04310', 'Romero de Terreros', 'Coyoacán', 'vbaratta17@yahoo.com.ar', 'No Int. 210', 'No Ext 15', '2016-03-12 20:34:48', '', 1, 1, 1, 1, 0),
('CL20160312254', 'Jimena Alvarez Martínez', '56597342', 'cerro dos conejos', '04310', 'Romero de Terreros', 'Coyoacán', 'jemaima09@gmail.com', 'No Int. 4', 'No Ext 40', '2016-03-12 20:37:46', '', 1, 1, 1, 1, 0),
('CL20160314255', 'Aissa Grajeda', '5559546466', 'pestalozzi ', '03100', 'Del valle Centro', 'Benito Juárez', 'aissagrajeda@gmail.com', 'No Int. 3', 'No Ext 1216', '2016-03-14 14:15:33', '', 1, 1, 0, 1, 5),
('CL20160314256', 'Mariana MOntaño ', '56818169', 'callejon del bosque ', '10200', 'San Jerónimo Lídice ', 'La Magdalena Contreras', 'joyeria.marianamontano@hotmail.com', 'No Int. 1', 'No Ext 32', '2016-03-14 21:14:13', '', 1, 1, 1, 1, 0),
('CL20160317257', 'CLAUDIA SARABIA MARVAN', '5555043765', 'calzada de los leones', '01010', 'Los Alpes', 'Álvaro Obregón', 'claudiasarabia@hotmail.com', 'No Int. B602', 'No Ext 142', '2016-03-17 21:09:09', '', 1, 1, 1, 1, 0),
('CL20160318258', 'Elizabeth Bruges', '5565858782', 'av. 1ro de mayo ', '03800', 'San Pedro de los Pinos', 'Benito Juárez', 'elibruges@gmail.com', 'No Int. 302', 'No Ext 146', '2016-03-18 19:21:55', '', 1, 1, 1, 1, 1),
('CL20160319259', 'Laila matuk', '19917236', 'boulevard  de la luz ', '01900', 'Jardines del Pedregal', 'Álvaro Obregón', 'l_matuk@hotmail.com', 'No Int. 14', 'No Ext 777 ', '2016-03-19 19:40:39', '', 1, 1, 1, 1, 0),
('CL20160321260', 'laura canovalle', '55957396', 'luis cabrera ', '10200', 'San Jerónimo Lídice ', 'La Magdalena Contreras', 'lauraz11@hotmail.com', 'No Int. 1', 'No Ext 207', '2016-03-21 19:12:18', '', 1, 1, 1, 1, 0),
('CL20160321261', 'RICARDO SEPULVEDA', '5561747143', 'alhambra', '03300', 'Portales Sur', 'Benito Juárez', 'rksep@hotmail.com', 'No Int. ', 'No Ext 719', '2016-03-21 19:36:46', '', 1, 1, 0, 1, 0),
('CL20160322262', 'Elena Guerrero', '5520483843', 'martin mendalde ', '03100', 'Del valle Centro', 'Benito Juárez', 'helene.guerrero@gmail.com', 'No Int. 201', 'No Ext 1425', '2016-03-22 13:05:12', '', 1, 1, 1, 1, 0),
('CL20160322263', 'Elena Guerrero', '5520483843', 'martin mendalde ', '03100', 'Del valle Centro', 'Benito Juárez', 'helene.guerrero@gmail.com', 'No Int. 201', 'No Ext 1425', '2016-03-22 13:05:16', '', 1, 1, 1, 1, 1),
('CL20160323264', 'mary garcia', '5556621444', 'blvd adolfo lopez mateos', '01010', 'Los Alpes', 'Álvaro Obregón', 'magg@grupoipisa.com.mx', 'No Int. 1', 'No Ext 2016', '2016-03-23 13:11:30', '', 1, 1, 1, 1, 0),
('CL20160328265', 'Elena Guerrero', '5520483843', 'martin mendalde ', '03100', 'Del valle Centro', 'Benito Juárez', 'helene.guerrero@gmail.com', 'No Int. 201', 'No Ext 1425', '2016-03-28 13:02:54', '', 1, 1, 1, 1, 2),
('CL20160505266', 'Aissa Grajeda Esquivel', '5559546466', 'peztalozzi ', '03100', 'Del valle Centro', 'Benito Juárez', 'aissagrajeda@gmail.com', 'No Int. 3', 'No Ext 1216', '2016-05-05 13:55:01', '', 1, 1, 0, 1, 6),
('CL20160506267', 'Julia Zárate', '56013947', 'nicolÁs san juan 1549', '03100', 'Del valle Centro', 'Benito Juárez', 'ooestefoo@gmail.com', 'No Int. 301', 'No Ext 1549', '2016-05-06 16:10:58', '', 1, 1, 1, 1, 0),
('CL20160508268', 'Rodrigo Montiya', '5585335959', 'valencia', '03920', 'Insurgentes Mixcoac', 'Benito Juárez', 'montoya93md@gmail.com', 'No Int. ', 'No Ext 57', '2016-05-08 14:08:21', '', 1, 1, 1, 1, 0),
('CL20160508269', 'Hilda Díaz Marroquín', '62851731', 'avenida colonia del valle (eje 5)', '03100', 'Del valle Centro', 'Benito Juárez', 'arisaavedra@gmail.com', 'No Int. 3', 'No Ext 413', '2016-05-08 14:15:24', '', 1, 1, 1, 1, 0),
('CL20160511270', 'Angel V vargas Blasquez', '65881948', 'tenis', '04210', 'Churubusco Country Club', 'Coyoacán', 'd_zeth@hotmail.com', 'No Int. C401', 'No Ext 157', '2016-05-11 17:05:07', '', 1, 1, 1, 1, 0);

-- --------------------------------------------------------

--
-- Estructura de tabla para la tabla `colonias`
--

CREATE TABLE IF NOT EXISTS `colonias` (
  `idColonias` varchar(45) NOT NULL,
  `Colonia` varchar(45) DEFAULT NULL,
  `CP` varchar(45) DEFAULT NULL,
  `idSucursal` varchar(45) NOT NULL,
  `Delegacion` varchar(45) DEFAULT NULL,
  PRIMARY KEY (`idColonias`),
  KEY `fk_Colonias_Sucursal1_idx` (`idSucursal`)
) ENGINE=InnoDB DEFAULT CHARSET=utf8;

--
-- Volcado de datos para la tabla `colonias`
--

INSERT INTO `colonias` (`idColonias`, `Colonia`, `CP`, `idSucursal`, `Delegacion`) VALUES
('Acacias', 'Acacias', '03240', 'Universidad ', 'Benito Juárez'),
('altavista', 'Altavista', '01060', 'Altavista', 'Álvaro Obregón'),
('Ampliaciónfuentesdel pedregal ', 'Ampliación fuentes del pedregal', '14110', 'Altavista', 'Tlalpan'),
('AmpliacionNapoles', 'Ampliación Nápoles', '03840', 'Universidad ', 'Benito Juárez'),
('anangel', 'San Ángel', '01000', 'Altavista', 'Álvaro Obregón'),
('Atlamaya', 'Atlamaya', '01760', 'Altavista', 'Álvaro Obregón'),
('axotla', 'Axotla', '01030', 'Altavista', 'Álvaro Obregón'),
('BancomerSAdeCV', 'Bancomer S.A. de C.V.', '03339', 'Universidad ', 'Benito Juárez'),
('Campestre', 'Campestre', '01040', 'Altavista', 'Álvaro Obregón'),
('chimalistac', 'Chimalistac', '01070', 'Altavista', 'Álvaro Obregón'),
('ChurubuscoCountryClub', 'Churubusco Country Club', '04210', 'Universidad ', 'Coyoacán'),
('Ciudaddelosdeportes', 'Ciudad de los deportes', '03710', 'Universidad ', 'Benito Juárez'),
('Copilcoelalto', 'Copilco el alto', '04360', 'Altavista', 'Coyoacán'),
('Copilcoelbajo', 'Copilco el bajo', '04340', 'Altavista', 'Coyoacán'),
('CopilcoUniversidad', 'Copilco Universidad', '04360', 'Altavista', 'Coyoacán'),
('CopilcoUniversidadUnidadHabitacional', 'Copilco Universidad Unidad Habitacional', '04340', 'Altavista', 'Coyoacán'),
('Creditoconstructor ', 'Crédito constructor ', '03940', 'Altavista', 'Benito Juárez'),
('CuadranteSanFrancisco', 'Cuadrante San Francisco', '04320', 'Altavista', 'Coyoacán'),
('delcarmen', 'Del Carmén', '04100', 'Universidad ', 'Coyoacán'),
('DelvalleCentro', 'Del valle Centro', '03100', 'Universidad ', 'Benito Juárez'),
('DelValleNorte ', 'Del Valle Norte ', '03103', 'Universidad ', 'Benito Juárez'),
('DelValleSur', 'Del Valle Sur', '03104', 'Universidad ', 'Benito Juárez'),
('Ermita', 'Ermita', '03590', 'Universidad ', 'Benito Juárez'),
('exhaciendadeguadalupechimalistac', 'Ex hacienda de Guadalupe Chimalistac', '01050', 'Altavista', 'Álvaro Obregón'),
('ExtremaduraInsurgentes', 'Extremadura Insurgentes', '03740', 'Universidad ', 'Benito Juárez'),
('floresdemaria', 'Flor de María', '01760', 'Altavista', 'Álvaro Obregón'),
('FraccionamientoRomerodeTerreros', 'Fraccionamiento Romero de Terreros', '04320', 'Altavista', 'Coyoacán'),
('GeneralPedroMaAnaya', 'General Pedro Ma. Anaya', '03340', 'Universidad ', 'Benito Juárez'),
('guadalupein', 'Guadalupe Inn', '01020', 'Altavista', 'Álvaro Obregón'),
('Independencia', 'Independencia', '03630', 'Universidad ', 'Benito Juárez'),
('InsurgentesMixcoac', 'Insurgentes Mixcoac', '03920', 'Universidad ', 'Benito Juárez'),
('IsidroFabela', 'Isidro Fabela', '14039', 'Altavista', 'Tlalpan'),
('jardienesdelpedregal', 'Jardines del Pedregal', '01900', 'Altavista', 'Álvaro Obregón'),
('laflorida', 'La Florida', '01030', 'Altavista', 'Álvaro Obregón'),
('Laotrabanda', 'La otra banda', '04519', 'Altavista', 'Coyoacán'),
('lasaguilas', 'Las Águilas', '01710', 'Altavista', 'Álvaro Obregón'),
('lasaguilas(hasta)', 'Las Aguilas (Hasta Transmisiones)', '0', 'Altavista', 'Álvaro Obregón'),
('lasanguilasunidadhabitacional', 'Las Águilas Unidad Habitacional', '01048', 'Altavista', 'Álvaro Obregón'),
('lasflores', 'Las flores', '01110', 'Altavista', 'Álvaro Obregón'),
('LetranValle', 'Letran Valle', '03650', 'Universidad ', 'Benito Juárez'),
('lomasdesanangelinn', 'Lomas de San Angel Inn', '01790', 'Altavista', 'Álvaro Obregón'),
('loreto', 'Loreto', '01090', 'Altavista', 'Álvaro Obregón'),
('losalpes', 'Los Alpes', '01010', 'Altavista', 'Álvaro Obregón'),
('Miravalle', 'Miravalle', '03580', 'Universidad ', 'Benito Juárez'),
('Mixcoac', 'Mixcoac', '03910', 'Altavista', 'Benito Juárez'),
('Napoles', 'Napoles', '03810', 'Universidad ', 'Benito Juárez'),
('NarvarteOriente', 'Narvarte Oriente', '03023', 'Universidad ', 'Benito Juárez'),
('NarvartePoniente', 'Narvarte Poniente', '03020', 'Universidad ', 'Benito Juárez'),
('Nochebuena ', 'Noche buena ', '03720', 'Universidad ', 'Benito Juárez'),
('olivardelosdres', 'Olivar de los padres', '01780', 'Altavista', 'Álvaro Obregón'),
('OxtopulcoUniversidad', 'Oxtopulco Universidad', '04318', 'Universidad ', 'Coyoacán'),
('PedregaldeSanFrancisco', 'Pedregal de San Francisco', '04320', 'Altavista', 'Coyoacán'),
('PortalesNorte', 'Portales Norte', '03303', 'Universidad ', 'Benito Juárez'),
('PortalesSur', 'Portales Sur', '03300', 'Universidad ', 'Benito Juárez'),
('presesotizapan', 'Progreso Tizapán', '01080', 'Altavista', 'Álvaro Obregón'),
('pueblotacopac', 'Pueblo Tlacopac', '01049', 'Altavista', 'Álvaro Obregón'),
('Residencialemperadores', 'Residencial Emperadores', '03320', 'Universidad ', 'Benito Juárez'),
('RincondelPedregal', 'Rincón del Pedregal', '14120', 'Altavista', 'Tlalpan'),
('RomerodeTerreros', 'Romero de Terreros', '04310', 'Altavista', 'Coyoacán'),
('sanangelinn', 'San Angel Inn', '01060', 'Altavista', 'Álvaro Obregón'),
('SanBorjaInsurgentes', 'San Borja Insurgentes', '03100', 'Universidad ', 'Benito Juárez'),
('sandiegochurubusco', 'San Diego Churubusco', '04120', 'Universidad ', 'Coyoacán'),
('SanJeronimoLidice ', 'San Jerónimo Lídice ', '10200', 'Altavista', 'La Magdalena Contreras'),
('SanJoseInsurgentes', 'San José Insurgentes', '03900', 'Altavista', 'Benito Juárez'),
('SanPedrodelosPinos', 'San Pedro de los Pinos', '03800', 'Altavista', 'Benito Juárez'),
('SantaCruzAtoyac', 'Santa Cruz Atoyac', '03310', 'Universidad ', 'Benito Juárez'),
('StaMariaNonoalco', 'Sta. María Nonoalco', '03700', 'Altavista', 'Benito Juárez'),
('tetelpan', 'Tetelpan', '01700', 'Altavista', 'Álvaro Obregón'),
('tizapan', 'Tizapán', '01090', 'Altavista', 'Álvaro Obregón'),
('tizapannodelpueblotelepan', 'Tizampámpano del pueblo Telepan', '01780', 'Altavista', 'Álvaro Obregón'),
('tlacopansanangel', 'Tlacopac San Ángel', '01040', 'Altavista', 'Álvaro Obregón'),
('Tlacoquemecatl', 'Tlacoquemecatl', '03200', 'Universidad ', 'Benito Juárez'),
('VertizNarvarte', 'Vertiz Narvarte', '03600', 'Universidad ', 'Benito Juárez'),
('VillaCoyoacan', 'Villa Coyoacán', '04000', 'Universidad ', 'Coyoacán'),
('VillaOlimpica', 'Villa Olímpica', '14020', 'Altavista', 'Tlalpan'),
('ViverosdeCoyoacan', 'Viveros de Coyoacan', '04110', 'Universidad ', 'Coyoacán'),
('Xoco', 'Xoco', '03330', 'Universidad ', 'Benito Juárez');

-- --------------------------------------------------------

--
-- Estructura de tabla para la tabla `pedido`
--

CREATE TABLE IF NOT EXISTS `pedido` (
  `idPedido` varchar(45) NOT NULL,
  `tipopago` varchar(45) DEFAULT NULL,
  `paypal` varchar(45) DEFAULT NULL,
  `idSucursal` varchar(45) DEFAULT NULL,
  `idCliente` varchar(45) DEFAULT NULL,
  `impreso` int(11) DEFAULT NULL,
  `Observacion` varchar(450) DEFAULT NULL,
  `registro` datetime DEFAULT NULL,
  `registroImpresion` datetime DEFAULT NULL,
  `personas` varchar(45) DEFAULT NULL,
  `timpo` varchar(45) DEFAULT NULL,
  `billeteTarjeta` varchar(45) DEFAULT NULL,
  `estado` varchar(45) DEFAULT NULL,
  `total` int(11) DEFAULT NULL,
  `calles` varchar(450) DEFAULT NULL,
  PRIMARY KEY (`idPedido`),
  KEY `fk_Pedidos_Sucursal2_idx` (`idSucursal`),
  KEY `fk_Pedidos_Cliente2_idx` (`idCliente`)
) ENGINE=InnoDB DEFAULT CHARSET=utf8;

--
-- Volcado de datos para la tabla `pedido`
--

INSERT INTO `pedido` (`idPedido`, `tipopago`, `paypal`, `idSucursal`, `idCliente`, `impreso`, `Observacion`, `registro`, `registroImpresion`, `personas`, `timpo`, `billeteTarjeta`, `estado`, `total`, `calles`) VALUES
('104.131.66.8', NULL, NULL, NULL, NULL, 0, NULL, '2015-08-19 19:30:41', NULL, NULL, NULL, NULL, 'Pendiente', 720, NULL),
('104.236.210.214', NULL, NULL, NULL, NULL, 0, NULL, '2015-08-19 16:25:02', NULL, NULL, NULL, NULL, 'Pendiente', 585, NULL),
('132.248.54.67', NULL, NULL, NULL, NULL, 0, NULL, '2016-02-11 14:57:51', NULL, NULL, NULL, NULL, 'Pendiente', 234, NULL),
('185.2.196.196', NULL, NULL, NULL, NULL, 0, NULL, '2016-03-14 13:44:09', NULL, NULL, NULL, NULL, 'Pendiente', NULL, NULL),
('187.188.66.246', NULL, NULL, NULL, NULL, 0, NULL, '2015-08-16 15:09:04', NULL, NULL, NULL, NULL, 'Pendiente', NULL, NULL),
('187.188.66.35', NULL, NULL, NULL, NULL, 0, NULL, '2016-03-13 13:52:52', NULL, NULL, NULL, NULL, 'Pendiente', NULL, NULL),
('187.188.66.4', NULL, NULL, NULL, NULL, 0, NULL, '2016-01-23 18:59:10', NULL, NULL, NULL, NULL, 'Pendiente', 220, NULL),
('187.188.66.61', NULL, NULL, NULL, NULL, 0, NULL, '2015-11-08 16:37:57', NULL, NULL, NULL, NULL, 'Pendiente', 495, NULL),
('187.188.76.87', NULL, NULL, NULL, NULL, 0, NULL, '2016-01-01 17:53:06', NULL, NULL, NULL, NULL, 'Pendiente', 428, NULL),
('187.189.163.30', NULL, NULL, NULL, NULL, 0, NULL, '2015-12-17 21:24:09', NULL, NULL, NULL, NULL, 'Pendiente', NULL, NULL),
('187.189.164.62', NULL, NULL, NULL, NULL, 0, NULL, '2016-03-13 17:17:50', NULL, NULL, NULL, NULL, 'Pendiente', NULL, NULL),
('187.189.164.68', NULL, NULL, NULL, NULL, 0, NULL, '2015-08-23 17:24:02', NULL, NULL, NULL, NULL, 'Pendiente', 275, NULL),
('187.189.167.97', NULL, NULL, NULL, NULL, 0, NULL, '2016-02-10 18:03:57', NULL, NULL, NULL, NULL, 'Pendiente', 1420, NULL),
('187.189.209.109', NULL, NULL, NULL, NULL, 0, NULL, '2015-11-28 17:43:48', NULL, NULL, NULL, NULL, 'Pendiente', NULL, NULL),
('187.189.209.229', NULL, NULL, NULL, NULL, 0, NULL, '2015-12-12 21:35:43', NULL, NULL, NULL, NULL, 'Pendiente', NULL, NULL),
('187.189.209.84', NULL, NULL, NULL, NULL, 0, NULL, '2016-01-08 20:26:26', NULL, NULL, NULL, NULL, 'Pendiente', 179, NULL),
('187.190.12.194', NULL, NULL, NULL, NULL, 0, NULL, '2015-11-08 17:27:36', NULL, NULL, NULL, NULL, 'Pendiente', NULL, NULL),
('187.190.15.72', NULL, NULL, NULL, NULL, 0, NULL, '2016-01-26 15:23:26', NULL, NULL, NULL, NULL, 'Pendiente', NULL, NULL),
('187.190.156.79', NULL, NULL, NULL, NULL, 0, NULL, '2016-02-19 21:28:41', NULL, NULL, NULL, NULL, 'Pendiente', NULL, NULL),
('187.191.7.11', NULL, NULL, NULL, NULL, 0, NULL, '2016-01-23 18:51:49', NULL, NULL, NULL, NULL, 'Pendiente', NULL, NULL),
('187.207.23.176', NULL, NULL, NULL, NULL, 0, NULL, '2016-03-28 18:49:45', NULL, NULL, NULL, NULL, 'Pendiente', 1187, NULL),
('187.207.237.230', NULL, NULL, NULL, NULL, 0, NULL, '2016-03-30 14:18:40', NULL, NULL, NULL, NULL, 'Pendiente', NULL, NULL),
('187.210.189.223', NULL, NULL, NULL, NULL, 0, NULL, '2015-11-15 15:24:07', NULL, NULL, NULL, NULL, 'Pendiente', 675, NULL),
('187.210.189.246', NULL, NULL, NULL, NULL, 0, NULL, '2016-03-04 16:56:34', NULL, NULL, NULL, NULL, 'Pendiente', NULL, NULL),
('187.214.227.38', NULL, NULL, NULL, NULL, 0, NULL, '2016-01-05 18:43:31', NULL, NULL, NULL, NULL, 'Pendiente', NULL, NULL),
('187.214.228.49', NULL, NULL, NULL, NULL, 0, NULL, '2015-11-28 14:36:30', NULL, NULL, NULL, NULL, 'Pendiente', 1850, NULL),
('187.214.239.124', NULL, NULL, NULL, NULL, 0, NULL, '2016-02-26 20:55:19', NULL, NULL, NULL, NULL, 'Pendiente', 472, NULL),
('187.214.253.68', NULL, NULL, NULL, NULL, 0, NULL, '2016-02-23 16:48:24', NULL, NULL, NULL, NULL, 'Pendiente', NULL, NULL),
('187.232.142.0', NULL, NULL, NULL, NULL, 0, NULL, '2015-12-02 22:13:57', NULL, NULL, NULL, NULL, 'Pendiente', 420, NULL),
('187.232.89.164', NULL, NULL, NULL, NULL, 0, NULL, '2016-03-09 19:27:52', NULL, NULL, NULL, NULL, 'Pendiente', NULL, NULL),
('187.233.126.33', NULL, NULL, NULL, NULL, 0, NULL, '2016-01-17 17:02:07', NULL, NULL, NULL, NULL, 'Pendiente', NULL, NULL),
('187.233.9.44', NULL, NULL, NULL, NULL, 0, NULL, '2015-08-19 15:39:57', NULL, NULL, NULL, NULL, 'Pendiente', NULL, NULL),
('187.234.16.114', NULL, NULL, NULL, NULL, 0, NULL, '2016-01-09 21:19:08', NULL, NULL, NULL, NULL, 'Pendiente', NULL, NULL),
('187.234.172.89', NULL, NULL, NULL, NULL, 0, NULL, '2016-05-09 16:16:27', NULL, NULL, NULL, NULL, 'Pendiente', NULL, NULL),
('187.234.254.103', NULL, NULL, NULL, NULL, 0, NULL, '2015-11-11 19:28:08', NULL, NULL, NULL, NULL, 'Pendiente', NULL, NULL),
('187.237.14.195', NULL, NULL, NULL, NULL, 0, NULL, '2015-12-03 18:57:12', NULL, NULL, NULL, NULL, 'Pendiente', NULL, NULL),
('187.237.231.69', NULL, NULL, NULL, NULL, 0, NULL, '2016-02-13 17:27:39', NULL, NULL, NULL, NULL, 'Pendiente', NULL, NULL),
('187.237.246.92', NULL, NULL, NULL, NULL, 0, NULL, '2016-01-16 15:49:43', NULL, NULL, NULL, NULL, 'Pendiente', NULL, NULL),
('189.135.18.172', NULL, NULL, NULL, NULL, 0, NULL, '2016-03-12 17:28:25', NULL, NULL, NULL, NULL, 'Pendiente', 205, NULL),
('189.146.12.247', NULL, NULL, NULL, NULL, 0, NULL, '2015-10-09 21:10:17', NULL, NULL, NULL, NULL, 'Pendiente', 404, NULL),
('189.146.205.72', NULL, NULL, NULL, NULL, 0, NULL, '2015-09-19 20:50:56', NULL, NULL, NULL, NULL, 'Pendiente', 438, NULL),
('189.147.97.152', NULL, NULL, NULL, NULL, 0, NULL, '2016-03-19 13:51:34', NULL, NULL, NULL, NULL, 'Pendiente', NULL, NULL),
('189.203.218.41', NULL, NULL, NULL, NULL, 0, NULL, '2016-02-21 17:00:50', NULL, NULL, NULL, NULL, 'Pendiente', NULL, NULL),
('189.204.0.173', NULL, NULL, NULL, NULL, 0, NULL, '2015-11-28 17:44:19', NULL, NULL, NULL, NULL, 'Pendiente', NULL, NULL),
('189.205.141.27', NULL, NULL, NULL, NULL, 0, NULL, '2015-08-23 14:55:23', NULL, NULL, NULL, NULL, 'Pendiente', 595, NULL),
('189.205.5.233', NULL, NULL, NULL, NULL, 0, NULL, '2015-12-06 20:02:54', NULL, NULL, NULL, NULL, 'Pendiente', NULL, NULL),
('189.207.151.79', NULL, NULL, NULL, NULL, 0, NULL, '2015-11-16 14:52:57', NULL, NULL, NULL, NULL, 'Pendiente', NULL, NULL),
('189.207.152.114', NULL, NULL, NULL, NULL, 0, NULL, '2016-01-10 15:22:06', NULL, NULL, NULL, NULL, 'Pendiente', 780, NULL),
('189.207.185.132', NULL, NULL, NULL, NULL, 0, NULL, '2015-11-26 21:47:39', NULL, NULL, NULL, NULL, 'Pendiente', 1174, NULL),
('189.208.70.82', NULL, NULL, NULL, NULL, 0, NULL, '2015-09-01 17:13:47', NULL, NULL, NULL, NULL, 'Pendiente', NULL, NULL),
('189.209.30.150', NULL, NULL, NULL, NULL, 0, NULL, '2016-05-10 15:02:33', NULL, NULL, NULL, NULL, 'Pendiente', 1013, NULL),
('189.209.87.154', NULL, NULL, NULL, NULL, 0, NULL, '2016-02-12 18:34:39', NULL, NULL, NULL, NULL, 'Pendiente', NULL, NULL),
('189.211.214.132', NULL, NULL, NULL, NULL, 0, NULL, '2015-12-30 15:07:46', NULL, NULL, NULL, NULL, 'Pendiente', NULL, NULL),
('189.212.206.80', NULL, NULL, NULL, NULL, 0, NULL, '2016-01-30 14:34:30', NULL, NULL, NULL, NULL, 'Pendiente', 408, NULL),
('189.212.236.210', NULL, NULL, NULL, NULL, 0, NULL, '2015-12-15 19:08:20', NULL, NULL, NULL, NULL, 'Pendiente', NULL, NULL),
('189.216.63.205', NULL, NULL, NULL, NULL, 0, NULL, '2016-05-09 15:52:22', NULL, NULL, NULL, NULL, 'Pendiente', NULL, NULL),
('189.217.138.95', NULL, NULL, NULL, NULL, 0, NULL, '2016-02-26 13:40:12', NULL, NULL, NULL, NULL, 'Pendiente', 902, NULL),
('189.217.145.31', NULL, NULL, NULL, NULL, 0, NULL, '2016-03-03 14:15:40', NULL, NULL, NULL, NULL, 'Pendiente', NULL, NULL),
('189.217.173.135', NULL, NULL, NULL, NULL, 0, NULL, '2015-12-17 13:39:06', NULL, NULL, NULL, NULL, 'Pendiente', NULL, NULL),
('189.217.173.232', NULL, NULL, NULL, NULL, 0, NULL, '2016-02-28 16:36:32', NULL, NULL, NULL, NULL, 'Pendiente', NULL, NULL),
('189.217.251.45', NULL, NULL, NULL, NULL, 0, NULL, '2016-02-26 21:15:08', NULL, NULL, NULL, NULL, 'Pendiente', NULL, NULL),
('189.217.33.230', NULL, NULL, NULL, NULL, 0, NULL, '2016-01-23 14:34:59', NULL, NULL, NULL, NULL, 'Pendiente', NULL, NULL),
('189.217.43.74', NULL, NULL, NULL, NULL, 0, NULL, '2016-01-31 15:10:39', NULL, NULL, NULL, NULL, 'Pendiente', NULL, NULL),
('189.217.87.72', NULL, NULL, NULL, NULL, 0, NULL, '2016-05-13 17:48:33', NULL, NULL, NULL, NULL, 'Pendiente', NULL, NULL),
('189.229.107.201', NULL, NULL, NULL, NULL, 0, NULL, '2015-09-06 19:17:51', NULL, NULL, NULL, NULL, 'Pendiente', 359, NULL),
('189.229.248.106', NULL, NULL, NULL, NULL, 0, NULL, '2015-12-18 19:40:43', NULL, NULL, NULL, NULL, 'Pendiente', NULL, NULL),
('189.229.94.86', NULL, NULL, NULL, NULL, 0, NULL, '2015-09-20 14:37:43', NULL, NULL, NULL, NULL, 'Pendiente', NULL, NULL),
('189.239.159.223', NULL, NULL, NULL, NULL, 0, NULL, '2015-11-25 18:00:32', NULL, NULL, NULL, NULL, 'Pendiente', NULL, NULL),
('189.249.15.125', NULL, NULL, NULL, NULL, 0, NULL, '2016-02-14 20:23:40', NULL, NULL, NULL, NULL, 'Pendiente', NULL, NULL),
('189.249.186.89', NULL, NULL, NULL, NULL, 0, NULL, '2016-03-05 18:06:47', NULL, NULL, NULL, NULL, 'Pendiente', NULL, NULL),
('189.249.44.241', NULL, NULL, NULL, NULL, 0, NULL, '2016-01-09 14:17:23', NULL, NULL, NULL, NULL, 'Pendiente', 430, NULL),
('189.253.251.60', NULL, NULL, NULL, NULL, 0, NULL, '2015-12-05 13:49:24', NULL, NULL, NULL, NULL, 'Pendiente', NULL, NULL),
('199.116.169.254', NULL, NULL, NULL, NULL, 0, NULL, '2016-03-09 19:33:50', NULL, NULL, NULL, NULL, 'Pendiente', 0, NULL),
('199.91.135.165', NULL, NULL, NULL, NULL, 0, NULL, '2016-03-14 13:44:08', NULL, NULL, NULL, NULL, 'Pendiente', NULL, NULL),
('200.34.165.32', NULL, NULL, NULL, NULL, 0, NULL, '2016-03-09 19:33:50', NULL, NULL, NULL, NULL, 'Pendiente', 140, NULL),
('200.56.72.12', NULL, NULL, NULL, NULL, 0, NULL, '2016-02-08 14:49:17', NULL, NULL, NULL, NULL, 'Pendiente', NULL, NULL),
('200.94.68.50', NULL, NULL, NULL, NULL, 0, NULL, '2016-03-10 15:49:17', NULL, NULL, NULL, NULL, 'Pendiente', NULL, NULL),
('201.103.122.253', NULL, NULL, NULL, NULL, 0, NULL, '2015-11-20 20:54:10', NULL, NULL, NULL, NULL, 'Pendiente', 280, NULL),
('201.103.52.100', NULL, NULL, NULL, NULL, 0, NULL, '2015-09-26 15:13:10', NULL, NULL, NULL, NULL, 'Pendiente', NULL, NULL),
('201.114.133.98', NULL, NULL, NULL, NULL, 0, NULL, '2015-08-23 16:45:34', NULL, NULL, NULL, NULL, 'Pendiente', NULL, NULL),
('201.114.164.12', NULL, NULL, NULL, NULL, 0, NULL, '2015-11-16 14:52:49', NULL, NULL, NULL, NULL, 'Pendiente', 909, NULL),
('201.116.6.193', NULL, NULL, NULL, NULL, 0, NULL, '2016-01-18 18:17:03', NULL, NULL, NULL, NULL, 'Pendiente', 530, NULL),
('201.116.63.98', NULL, NULL, NULL, NULL, 0, NULL, '2015-09-08 20:51:16', NULL, NULL, NULL, NULL, 'Pendiente', NULL, NULL),
('201.124.88.243', NULL, NULL, NULL, NULL, 0, NULL, '2016-01-03 18:41:00', NULL, NULL, NULL, NULL, 'Pendiente', NULL, NULL),
('201.141.103.245', NULL, NULL, NULL, NULL, 0, NULL, '2016-01-01 16:56:41', NULL, NULL, NULL, NULL, 'Pendiente', 670, NULL),
('201.141.12.63', NULL, NULL, NULL, NULL, 0, NULL, '2015-09-28 18:02:32', NULL, NULL, NULL, NULL, 'Pendiente', NULL, NULL),
('201.141.15.179', NULL, NULL, NULL, NULL, 0, NULL, '2015-10-09 19:25:36', NULL, NULL, NULL, NULL, 'Pendiente', NULL, NULL),
('201.141.203.217', NULL, NULL, NULL, NULL, 0, NULL, '2016-03-26 17:52:17', NULL, NULL, NULL, NULL, 'Pendiente', 610, NULL),
('201.141.218.5', NULL, NULL, NULL, NULL, 0, NULL, '2015-08-22 20:45:20', NULL, NULL, NULL, NULL, 'Pendiente', NULL, NULL),
('201.141.22.103', NULL, NULL, NULL, NULL, 0, NULL, '2016-01-31 14:15:18', NULL, NULL, NULL, NULL, 'Pendiente', NULL, NULL),
('201.141.23.177', NULL, NULL, NULL, NULL, 0, NULL, '2015-12-19 14:36:50', NULL, NULL, NULL, NULL, 'Pendiente', NULL, NULL),
('201.141.23.73', NULL, NULL, NULL, NULL, 0, NULL, '2015-08-30 14:09:24', NULL, NULL, NULL, NULL, 'Pendiente', NULL, NULL),
('201.141.233.78', NULL, NULL, NULL, NULL, 0, NULL, '2015-09-20 15:13:51', NULL, NULL, NULL, NULL, 'Pendiente', NULL, NULL),
('201.141.242.102', NULL, NULL, NULL, NULL, 0, NULL, '2016-02-13 13:36:56', NULL, NULL, NULL, NULL, 'Pendiente', 335, NULL),
('201.141.250.192', NULL, NULL, NULL, NULL, 0, NULL, '2016-01-10 16:49:11', NULL, NULL, NULL, NULL, 'Pendiente', 563, NULL),
('201.141.252.154', NULL, NULL, NULL, NULL, 0, NULL, '2016-03-06 15:29:29', NULL, NULL, NULL, NULL, 'Pendiente', NULL, NULL),
('201.141.254.117', NULL, NULL, NULL, NULL, 0, NULL, '2015-09-16 19:49:24', NULL, NULL, NULL, NULL, 'Pendiente', NULL, NULL),
('201.141.255.13', NULL, NULL, NULL, NULL, 0, NULL, '2015-12-20 17:55:09', NULL, NULL, NULL, NULL, 'Pendiente', NULL, NULL),
('201.141.28.239', NULL, NULL, NULL, NULL, 0, NULL, '2015-10-09 16:09:53', NULL, NULL, NULL, NULL, 'Pendiente', 160, NULL),
('201.141.29.224', NULL, NULL, NULL, NULL, 0, NULL, '2015-12-05 15:52:43', NULL, NULL, NULL, NULL, 'Pendiente', NULL, NULL),
('201.141.30.192', NULL, NULL, NULL, NULL, 0, NULL, '2015-11-01 20:56:08', NULL, NULL, NULL, NULL, 'Pendiente', 210, NULL),
('201.141.44.187', NULL, NULL, NULL, NULL, 0, NULL, '2016-05-08 16:09:51', NULL, NULL, NULL, NULL, 'Pendiente', 280, NULL),
('201.141.6.223', NULL, NULL, NULL, NULL, 0, NULL, '2015-12-06 16:14:50', NULL, NULL, NULL, NULL, 'Pendiente', NULL, NULL),
('201.149.61.5', NULL, NULL, NULL, NULL, 0, NULL, '2016-05-08 17:21:26', NULL, NULL, NULL, NULL, 'Pendiente', 226, NULL),
('201.151.83.73', NULL, NULL, NULL, NULL, 0, NULL, '2015-08-21 16:36:38', NULL, NULL, NULL, NULL, 'Pendiente', NULL, NULL),
('66.102.7.236', NULL, NULL, NULL, NULL, 0, NULL, '2015-09-06 17:11:17', NULL, NULL, NULL, NULL, 'Pendiente', NULL, NULL),
('66.102.7.243', NULL, NULL, NULL, NULL, 0, NULL, '2015-09-06 17:09:13', NULL, NULL, NULL, NULL, 'Pendiente', NULL, NULL),
('66.102.7.250', NULL, NULL, NULL, NULL, 0, NULL, '2015-09-06 17:11:45', NULL, NULL, NULL, NULL, 'Pendiente', NULL, NULL),
('66.249.80.24', NULL, NULL, NULL, NULL, 0, NULL, '2016-05-03 20:37:35', NULL, NULL, NULL, NULL, 'Pendiente', NULL, NULL),
('66.249.80.6', NULL, NULL, NULL, NULL, 0, NULL, '2016-05-03 20:37:23', NULL, NULL, NULL, NULL, 'Pendiente', NULL, NULL),
('66.249.85.155', NULL, NULL, NULL, NULL, 0, NULL, '2015-11-24 18:02:29', NULL, NULL, NULL, NULL, 'Pendiente', 219, NULL),
('66.249.85.158', NULL, NULL, NULL, NULL, 0, NULL, '2015-11-24 17:57:14', NULL, NULL, NULL, NULL, 'Pendiente', 219, NULL),
('8.28.16.254', NULL, NULL, NULL, NULL, 0, NULL, '2015-08-17 21:04:04', NULL, NULL, NULL, NULL, 'Pendiente', 0, NULL),
('TI201412141', 'Efectivo', '', 'Universidad ', 'CL201412141', 2, '', '2014-12-14 14:07:34', '2014-12-14 14:12:55', '2', 'Cancelado', '500', 'Autorizado', 398, 'entre calles 19 y 21'),
('TI201412153', 'Tarjeta', '', 'Universidad ', 'CL201412153', 2, '', '2014-12-15 15:36:32', '2014-12-15 15:39:05', '2', 'Cancelado', 'American Express', 'Autorizado', 480, 'barrance del muerto y hermes'),
('TI201412154', 'Tarjeta', '', 'Altavista', 'CL201412154', 2, '', '2014-12-15 20:11:27', '2014-12-15 20:29:03', '2', 'Cancelado', 'Master Card y Visa', 'Autorizado', 460, 'jazmin y reyna '),
('TI201412185', 'Efectivo', '', 'Universidad ', 'CL201412185', 2, '', '2014-12-18 20:24:24', '2014-12-18 22:11:36', '2', 'Cancelado', '400', 'Autorizado', 310, 'luz saviñon y torres adalid'),
('TI201412196', 'Efectivo', '', 'Altavista', 'CL201412196', 2, 'no', '2014-12-19 20:59:23', '2014-12-19 21:07:28', '4', 'Cancelado', '1000', 'Autorizado', 685, 'pleamares y espigones'),
('TI201412277', 'Efectivo', '', 'Altavista', 'CL201412277', 2, '', '2014-12-27 14:26:29', '2014-12-27 14:32:50', '2', 'Cancelado', '500', 'Autorizado', 355, 'av. universidad e insurgentes '),
('TI2014123110', 'Tarjeta', '', 'Universidad ', 'CL2014123110', 2, '', '2014-12-31 14:00:42', '2014-12-31 14:17:49', '8', 'Cancelado', 'Master Card y Visa', 'Autorizado', 3045, 'entre división del norte y eje  6 junto al afan'),
('TI2015010211', 'Tarjeta', '', 'Altavista', 'CL2015010211', 2, '', '2015-01-02 16:17:47', '2015-01-02 16:24:23', '2', 'Cancelado', 'Master Card y Visa', 'Autorizado', 495, 'francisco benitez y barranca honda'),
('TI2015010312', 'Tarjeta', '', 'Altavista', 'CL2015010312', 2, '', '2015-01-03 18:50:39', '2015-01-03 19:06:53', '3', 'Cancelado', 'Master Card y Visa', 'Autorizado', 995, 'dr. galvez y jardin del arte'),
('TI2015010313', 'Tarjeta', '', 'Altavista', 'CL2015010313', 2, '', '2015-01-03 20:37:29', '2015-01-03 20:49:36', '4', 'Cancelado', 'Master Card y Visa', 'Autorizado', 629, 'grieta y risco'),
('TI2015010714', 'Efectivo', '', 'Altavista', 'CL2015010714', 2, 'en lugar de berenjena en el grill, poner otra verdura.', '2015-01-07 14:13:41', '2015-01-07 14:41:22', '3', 'Cancelado', '600', 'Autorizado', 493, 'esquina con jazmín '),
('TI2015011215', 'Efectivo', '', 'Altavista', 'CL2015011215', 2, '', '2015-01-12 18:48:57', '2015-01-12 18:56:41', '2', 'Cancelado', '500', 'Autorizado', 248, 'esquina con jazmin '),
('TI2015011316', 'Tarjeta', '', 'Universidad ', 'CL2015011316', 2, '', '2015-01-13 14:02:00', '2015-01-13 14:06:07', '2', 'Cancelado', 'Master Card y Visa', 'Autorizado', 340, 'barranca del muerto y hermes'),
('TI2015011617', 'Efectivo', '', 'Altavista', 'CL2015011617', 2, '(:', '2015-01-16 19:34:14', '2015-01-16 19:44:29', '3', 'Cancelado', '250', 'Autorizado', 233, 'esquina con jazmin '),
('TI2015011818', 'Efectivo', '', 'Altavista', 'CL2015011818', 2, '', '2015-01-18 19:21:09', '2015-01-18 19:31:54', '2', 'Cancelado', '700', 'Autorizado', 578, 'calle 8'),
('TI2015012219', 'Efectivo', '', 'Altavista', 'CL2015012219', 2, '', '2015-01-22 20:09:39', '2015-01-22 20:12:32', '2', 'Cancelado', '500', 'Autorizado', 248, 'esquina con jazmín '),
('TI2015012920', 'Tarjeta', '', 'Altavista', 'CL2015012920', 2, '', '2015-01-29 18:09:05', '2015-01-29 18:17:48', '1', 'Cancelado', 'Master Card y Visa', 'Autorizado', 1235, 'calle 8'),
('TI2015013121', 'Tarjeta', '', 'Universidad ', 'CL2015013121', 2, '', '2015-01-31 21:21:28', '2015-01-31 21:28:02', '2', 'Cancelado', 'Master Card y Visa', 'Autorizado', 455, 'matías romero y chichenitza'),
('TI2015020222', 'Efectivo', '', 'Altavista', 'CL2015020222', 2, '', '2015-02-02 14:44:06', '2015-02-02 14:48:18', '2', 'Cancelado', '600', 'Autorizado', 503, 'esquina con jazmin '),
('TI2015021625', 'Tarjeta', '', 'Altavista', 'CL2015021625', 2, '', '2015-02-16 19:04:01', '2015-02-16 19:11:32', '1', 'Cancelado', 'Master Card y Visa', 'Autorizado', 578, 'calle 8'),
('TI2015021826', 'Tarjeta', '', 'Universidad ', 'CL2015021826', 2, '', '2015-02-18 19:26:38', '2015-02-18 19:32:44', '2', 'Cancelado', 'American Express', 'Autorizado', 345, 'nueva york y nebraska'),
('TI2015022027', 'Efectivo', '', 'Altavista', 'CL2015022027', 2, '', '2015-02-20 19:49:47', '2015-02-20 20:32:06', '1', 'Cancelado', '350', 'Autorizado', 310, 'universidad y manzano '),
('TI2015022128', 'Tarjeta', '', 'Altavista', 'CL2015022128', 2, '', '2015-02-21 15:41:18', '2015-02-21 15:45:24', '4', 'Cancelado', 'Master Card y Visa', 'Autorizado', 800, 'grieta y risco'),
('TI2015022729', 'Tarjeta', '', 'Universidad ', 'CL2015022729', 2, '', '2015-02-27 19:51:44', '2015-02-27 20:02:37', '3', 'Cancelado', 'Master Card y Visa', 'Autorizado', 530, 'san borjas y eje 6'),
('TI2015022830', 'Tarjeta', '', 'Altavista', 'CL2015022830', 2, 'si ponganle la salsa de ciruela a los tacos porfavor.yo voy con alta frecuencia a este restaurante y me encanta, espero el servicio a domicilio sea igual de bueno en la comida. también me gustaría que me mandaran las salsas que siempre me ponen al centro. mucha gracias', '2015-02-28 13:59:04', '2015-02-28 14:15:46', '3', 'Cancelado', 'Master Card y Visa', 'Autorizado', 615, 'querétaro y lateral de periférico '),
('TI2015022832', 'Tarjeta', '', 'Altavista', 'CL2015022832', 2, 'si se puede el brocoli del arroz, por favor!', '2015-02-28 15:24:27', '2015-02-28 15:35:53', '5', 'Cancelado', 'Master Card y Visa', 'Autorizado', 910, 'calero y campestre'),
('TI2015030733', 'Tarjeta', '', 'Altavista', 'CL2015030733', 2, '', '2015-03-07 18:25:38', '2015-03-07 18:32:13', '2', 'Cancelado', 'Master Card y Visa', 'Autorizado', 315, 'damas y plateros'),
('TI2015030734', 'Tarjeta', '', 'Altavista', 'CL2015030734', 2, '', '2015-03-07 19:33:05', '2015-03-07 19:40:48', '5', 'Cancelado', 'American Express', 'Autorizado', 1271, 'lomas quebradas y magnolia'),
('TI2015030835', 'Tarjeta', '', 'Altavista', 'CL2015030835', 2, '', '2015-03-08 20:48:03', '2015-03-08 20:51:02', '1', 'Cancelado', 'Master Card y Visa', 'Autorizado', 300, 'ricardo castro y jaime nuno'),
('TI2015031136', 'Efectivo', '', 'Altavista', 'CL2015031136', 2, '', '2015-03-11 15:24:08', '2015-03-11 15:28:57', '2', 'Cancelado', '500', 'Autorizado', 283, 'barranca del muerto y hermes'),
('TI2015031337', 'Efectivo', '', 'Altavista', 'CL2015031337', 2, '', '2015-03-13 19:18:36', '2015-03-13 19:32:40', '2', 'Cancelado', '600', 'Autorizado', 508, 'esquina con jazmin'),
('TI2015031438', 'Efectivo', '', 'Universidad ', 'CL2015031438', 2, '', '2015-03-14 13:41:33', '2015-03-14 13:45:31', '2', 'Cancelado', '500', 'Autorizado', 435, 'san lorenzo y miguel laurent'),
('TI2015031439', 'Efectivo', '', 'Universidad ', 'CL2015031439', 2, '', '2015-03-14 13:51:49', '2015-03-14 13:53:28', '2', 'Cancelado', '200', 'Autorizado', 181, 'san lorenzo y miguel laurent'),
('TI2015031440', 'Efectivo', '', 'Altavista', 'CL2015031440', 2, '', '2015-03-14 14:58:18', '2015-03-14 15:05:17', '2', 'Cancelado', '1000', 'Autorizado', 753, 'calle 8'),
('TI2015031541', 'Tarjeta', '', 'Universidad ', 'CL2015031541', 2, '', '2015-03-15 16:38:10', '2015-03-15 16:47:30', '1', 'Cancelado', 'Master Card y Visa', 'Autorizado', 251, 'concepción beistegui y torres adalid'),
('TI2015031642', 'Tarjeta', '', 'Universidad ', 'CL2015031642', 2, '', '2015-03-16 14:19:10', '2015-03-16 14:49:02', '3', 'Cancelado', 'Master Card y Visa', 'Autorizado', 780, 'morena y obrero mundial'),
('TI2015031643', 'Efectivo', '', 'Altavista', 'CL2015031643', 2, '', '2015-03-16 19:50:05', '2015-03-16 19:56:32', '2', 'Cancelado', '600', 'Autorizado', 530, 'manzano y universidad'),
('TI2015040244', 'Tarjeta', '', 'Universidad ', 'CL2015040244', 2, '', '2015-04-02 21:11:25', '2015-04-02 21:21:07', '2', 'Cancelado', 'Master Card y Visa', 'Autorizado', 510, 'josé maría rico y parroquia '),
('TI2015040445', 'Efectivo', '', 'Universidad ', 'CL2015040445', 2, '', '2015-04-04 21:21:58', '2015-04-04 21:27:46', '2', 'Cancelado', '600', 'Autorizado', 505, 'eugenia y concepcion beistegui'),
('TI2015040548', 'Efectivo', '', 'Universidad ', 'CL2015040548', 2, '', '2015-04-05 13:35:17', '2015-04-05 13:36:18', '2', 'Cancelado', '1000', 'Autorizado', 495, 'eje 8'),
('TI2015040550', 'Efectivo', '', 'Universidad ', 'CL2015040550', 2, '', '2015-04-05 14:44:45', '2015-04-05 14:46:13', '2', 'Cancelado', '1000', 'Autorizado', 585, 'eje 8'),
('TI2015040551', 'Efectivo', '', 'Universidad ', 'CL2015040551', 2, 'no', '2015-04-05 14:49:17', '2015-04-05 14:58:58', '3', 'Cancelado', '800', 'Autorizado', 720, 'puente de xoco y real de mayorazgo'),
('TI2015040552', 'Efectivo', '', 'Altavista', 'CL2015040552', 2, '', '2015-04-05 15:56:23', '2015-04-05 16:01:55', '2', 'Cancelado', '500', 'Autorizado', 445, 'ernesto elorduy y juventino rosas'),
('TI2015040754', 'Tarjeta', '', 'Altavista', 'CL2015040754', 2, 'esto es una prueba 8:11', '2015-04-07 20:09:50', '2015-04-07 20:11:06', '10', 'Cancelado', 'Master Card y Visa', 'Autorizado', 700, 'revolucion'),
('TI2015041155', 'Tarjeta', '', 'Universidad ', 'CL2015041155', 2, '', '2015-04-11 15:13:26', '2015-04-11 15:18:57', '3', 'Cancelado', 'American Express', 'Autorizado', 702, 'matias romero y pilares'),
('TI2015041356', 'Efectivo', '', 'Universidad ', 'CL2015041356', 2, 'solo cuidar que los ingredientes no se mezclen con mariscos por favor. ', '2015-04-13 13:46:06', '2015-04-13 13:51:30', '1', 'Cancelado', '200', 'Autorizado', 160, 'angel urraza y california '),
('TI2015041357', 'Efectivo', '', 'Universidad ', 'CL2015041357', 2, '', '2015-04-13 14:09:40', '2015-04-13 14:30:58', '1', 'Cancelado', '400', 'Autorizado', 285, 'rio churubusco y madrid'),
('TI2015041858', 'Tarjeta', '', 'Altavista', 'CL2015041858', 2, 'no es necesario traer palillos, cubiertos y salsas. \ngracias. ', '2015-04-18 15:43:53', '2015-04-18 15:47:15', '1', 'Cancelado', 'Master Card y Visa', 'Autorizado', 205, 'jaime nuno y ricardo castro'),
('TI2015041859', 'Efectivo', '', 'Altavista', 'CL2015041859', 2, '', '2015-03-15 14:31:01', '2015-04-18 18:25:23', '2', 'Cancelado', '500', 'Autorizado', NULL, 'periférico y camino a santa teresa'),
('TI2015041860', 'Efectivo', '', 'Altavista', 'CL2015041860', 2, '', '2015-04-18 18:32:05', '2015-04-18 18:45:47', '2', 'Cancelado', '900', 'Autorizado', 468, 'manzano y universidad'),
('TI2015042261', 'Efectivo', '', 'Altavista', 'CL2015042261', 2, '', '2015-04-22 19:38:19', '2015-04-22 19:40:35', '2', 'Cancelado', '500', 'Autorizado', 420, 'calle 2 y calle 4'),
('TI2015042562', 'Efectivo', '', 'Altavista', 'CL2015042562', 2, '', '2015-04-25 14:07:56', '2015-04-25 14:18:17', '3', 'Cancelado', '2000', 'Autorizado', 1585, 'gomez farias y periférico'),
('TI2015042563', 'Efectivo', '', 'Altavista', 'CL2015042563', 2, '', '2015-04-25 20:35:44', '2015-04-25 20:42:07', '2', 'Cancelado', '1000', 'Autorizado', 658, 'llanura y lateral periferico'),
('TI2015042664', 'Efectivo', '', 'Universidad ', 'CL2015042664', 2, 'el pollo por favor con poco chile gracias', '2015-04-26 14:28:40', '2015-04-26 14:41:48', '1', 'Cancelado', '500', 'Autorizado', 300, 'tlalpan y antillas'),
('TI2015042665', 'Tarjeta', '', 'Altavista', 'CL2015042665', 2, 'quiero cancelar el tazón de arroz asian bistro, sólo queremos la orden de arroz. y no queremos el arroz jazmín que acompaña los platos fuertes, \ngracias', '2015-04-26 19:23:46', '2015-04-26 19:37:19', '3', 'Cancelado', 'Master Card y Visa', 'Autorizado', 935, 'hortensia y olivo'),
('TI2015042966', 'Tarjeta', '', 'Altavista', 'CL2015042966', 2, '', '2015-04-29 20:18:53', '2015-04-29 20:24:18', '2', 'Cancelado', 'American Express', 'Autorizado', 200, '3er privada de flor de maría y barranca de pi'),
('TI2015050167', 'Efectivo', '', 'Universidad ', 'CL2015050167', 2, '', '2015-05-01 15:30:56', '2015-05-01 15:35:42', '2', 'Cancelado', '600', 'Autorizado', 480, 'agustin gutiérrez y cerrada de gral rincon'),
('TI2015050368', 'Efectivo', '', 'Universidad ', 'CL2015050368', 2, '', '2015-05-03 16:03:07', '2015-05-03 16:07:40', '1', 'Cancelado', '500', 'Autorizado', 250, 'san lorenzo y miguel laurent'),
('TI2015050469', 'Tarjeta', '', 'Altavista', 'CL2015050469', 2, 'no traer soya ni palillos. gracias. ', '2015-05-04 14:42:07', '2015-05-04 14:44:02', '1', 'Cancelado', 'Master Card y Visa', 'Autorizado', 205, 'ricardo castro y jaime nuno'),
('TI2015050470', 'Efectivo', '', 'Universidad ', 'CL2015050470', 2, '', '2015-05-04 14:52:45', '2015-05-04 14:54:59', '1', 'Cancelado', '500', 'Autorizado', 210, 'san lorenzo y miguel laurent'),
('TI2015050971', 'Tarjeta', '', 'Altavista', 'CL2015050971', 2, '', '2015-05-09 14:17:24', '2015-05-09 14:25:59', '5', 'Cancelado', 'Master Card y Visa', 'Autorizado', 2996, 'asunción y galeana'),
('TI2015050972', 'Tarjeta', '', 'Altavista', 'CL2015050972', 2, 'no traer soya ni palillos. ', '2015-05-09 14:39:55', '2015-05-09 14:42:05', '1', 'Cancelado', 'Master Card y Visa', 'Autorizado', 205, 'jaime nuno y ricardo castro'),
('TI2015051073', 'Tarjeta', '', 'Altavista', 'CL2015051073', 2, '', '2015-05-10 15:39:38', '2015-05-10 15:42:51', '2', 'Cancelado', 'Master Card y Visa', 'Autorizado', 320, 'condor y fujiyama'),
('TI2015051774', 'Tarjeta', '', 'Altavista', 'CL2015051774', 2, 'no es necesario traer palillos, galletas de la suerte, servilletas y soya. gracias. ', '2015-05-17 13:46:35', '2015-05-17 13:50:34', '2', 'Cancelado', 'Master Card y Visa', 'Autorizado', 324, 'jaime nuno y ricardo castro'),
('TI2015052176', 'Efectivo', '', 'Universidad ', 'CL2015052176', 2, '', '2015-05-21 15:54:45', '2015-05-21 16:00:30', '12', 'Cancelado', '0', 'Autorizado', 2631, 'eje 6 y san borja '),
('TI2015052277', 'Tarjeta', '', 'Altavista', 'CL2015052277', 2, '', '2015-05-22 14:21:40', '2015-05-22 14:35:47', '5', 'Cancelado', 'American Express', 'Autorizado', 1170, 'juventino rosas y ricardo castro'),
('TI2015052478', 'Tarjeta', '', 'Altavista', 'CL2015052478', 2, '', '2015-05-24 14:04:54', '2015-05-24 14:10:27', '2', 'Cancelado', 'Master Card y Visa', 'Autorizado', 605, 'arturo y diego rivera'),
('TI2015052479', 'Efectivo', '', 'Altavista', 'CL2015052479', 2, 'la orden individial de arroz sin cebolla', '2015-05-24 14:05:56', '2015-05-24 14:13:43', '4', 'Cancelado', '1100', 'Autorizado', 1025, 'picacho y boulevard de la luz'),
('TI2015052480', 'Tarjeta', '', 'Altavista', 'CL2015052480', 2, 'verduras de todo tipo porfavor', '2015-05-24 15:13:09', '2015-05-24 15:16:46', '2', 'Cancelado', 'Master Card y Visa', 'Autorizado', 770, 'plaza del carmen y aureliano rivera'),
('TI2015052481', 'Tarjeta', '', 'Altavista', 'CL2015052481', 2, '', '2015-05-24 20:25:04', '2015-05-24 20:38:26', '1', 'Cancelado', 'Master Card y Visa', 'Autorizado', 135, 'desierto de los leones y río guadalupe'),
('TI2015052682', 'Tarjeta', '', 'Altavista', 'CL2015052682', 2, 'no traer palillos, soya ni galletas de la suerte. ', '2015-05-26 21:22:12', '2015-05-26 21:25:12', '2', 'Cancelado', 'Master Card y Visa', 'Autorizado', 324, 'jaime nuno y ricardo castro'),
('TI2015053183', 'Efectivo', '', 'Altavista', 'CL2015053183', 2, 'si los champiñones del arroz porfavor', '2015-05-31 19:40:43', '2015-05-31 19:45:02', '2', 'Cancelado', '600', 'Autorizado', 495, 'sobre av. san jeronimo'),
('TI2015060284', 'Tarjeta', '', 'Altavista', 'CL2015060284', 2, '', '2015-06-02 17:52:22', '2015-06-02 17:58:47', '2', 'Cancelado', 'Master Card y Visa', 'Autorizado', 1099, 'calle 8'),
('TI2015060485', 'Tarjeta', '', 'Altavista', 'CL2015060485', 2, 'no traer salsas, palillos, servilletas y galletas. gracias. ', '2015-06-04 14:32:01', '2015-06-04 14:33:59', '1', 'Cancelado', 'Master Card y Visa', 'Autorizado', 205, 'jaime nuno y ricardo castro'),
('TI2015060486', 'Efectivo', '', 'Altavista', 'CL2015060486', 2, '', '2015-01-31 16:10:20', '2015-06-04 15:23:00', '1', 'Cancelado', '200', 'Autorizado', 160, 'calle 19 y calle 21'),
('TI2015060687', 'Tarjeta', '', 'Altavista', 'CL2015060687', 2, 'con salsa dragon aparte por favor', '2015-06-06 18:18:37', NULL, '1', 'Cancelado', 'Master Card y Visa', 'Autorizado', 135, 'desierto de los leones y río guadalupe'),
('TI2015060688', 'Tarjeta', '', 'Altavista', 'CL2015060688', 2, '', '2015-06-06 19:21:48', NULL, '2', 'Cancelado', 'Master Card y Visa', 'Autorizado', 280, 'olivo y vito alessio robles'),
('TI2015060689', 'Tarjeta', '', 'Altavista', 'CL2015060689', 2, '', '2015-06-06 19:30:40', NULL, '1', 'Cancelado', 'Master Card y Visa', 'Autorizado', 205, 'desierto de los leones y río guadalupe'),
('TI2015061395', 'Tarjeta', '', 'Universidad ', 'CL2015061395', 2, '', '2015-06-13 15:07:35', '2015-06-13 15:19:38', '4', 'Cancelado', 'Master Card y Visa', 'Autorizado', 985, 'esquina calle alhambra'),
('TI2015061396', 'Tarjeta', '', 'Altavista', 'CL2015061396', 2, '', '2015-06-13 20:59:29', '2015-06-13 21:11:53', '2', 'Cancelado', 'Master Card y Visa', 'Autorizado', 393, 'calles 8 '),
('TI2015061497', 'Efectivo', '', 'Universidad ', 'CL2015061497', 2, '', '2015-06-14 17:52:11', '2015-06-14 18:14:01', '2', 'Cancelado', '300', 'Autorizado', 235, 'pilares y matias romero'),
('TI2015061498', 'Tarjeta', '', 'Altavista', 'CL2015061498', 2, '', '2015-06-14 20:02:17', '2015-06-14 20:08:49', '1', 'Cancelado', 'Master Card y Visa', 'Autorizado', 310, 'desierto de los leones y río guadalupe'),
('TI2015061699', 'Tarjeta', '', 'Altavista', 'CL2015061699', 2, '', '2015-06-16 13:58:48', '2015-06-16 14:03:43', '3', 'Cancelado', 'American Express', 'Autorizado', 300, 'revolucion y insurgentes'),
('TI20150619100', 'Efectivo', '', 'Universidad ', 'CL20150619100', 2, '', '2015-06-19 20:18:13', '2015-06-19 20:20:58', '2', 'Cancelado', '300', 'Autorizado', 250, 'tlalpan y rosa blanca'),
('TI20150620101', 'Tarjeta', '', 'Universidad ', 'CL20150620101', 2, 'no', '2015-06-20 15:46:25', '2015-06-20 15:54:14', '2', 'Cancelado', 'Master Card y Visa', 'Autorizado', 375, 'tlalpan y antillas'),
('TI20150620102', 'Tarjeta', '', 'Altavista', 'CL20150620102', 2, 'no pero el arroz sin verdura. y el rollo sin aguacate y queso , y el cono tambien sin aguacate o pepino si trae. gracias', '2015-06-20 16:26:59', '2015-06-20 16:34:08', '2', 'Cancelado', 'Master Card y Visa', 'Autorizado', 475, 'aureliano rivera y plaza del carmen '),
('TI20150621103', 'Tarjeta', '', 'Universidad ', 'CL20150621103', 2, '', '2015-06-21 14:24:19', '2015-06-21 14:27:44', '2', 'Cancelado', 'Master Card y Visa', 'Autorizado', 430, 'san lorenzo y miguel laurent'),
('TI20150624104', 'Tarjeta', '', 'Universidad ', 'CL20150624104', 2, '', '2015-06-24 13:47:15', '2015-06-24 13:55:35', '2', 'Cancelado', 'Master Card y Visa', 'Autorizado', 1070, 'san lorenzo y felix cuevas'),
('TI20150627105', 'Efectivo', '', 'Universidad ', 'CL20150627105', 2, '', '2015-06-27 14:03:26', '2015-06-27 14:10:03', '4', 'Cancelado', '1000', 'Autorizado', 852, 'esquina calle alhambra, (entrada peaton)'),
('TI20150702106', 'Tarjeta', '', 'Altavista', 'CL20150702106', 2, 'sin verdura el arroz porfavor, y el sushi sin aguacate ', '2015-07-02 20:00:55', '2015-07-02 20:04:30', '2', 'Cancelado', 'Master Card y Visa', 'Autorizado', 535, 'aureliano rivera y plaza del carmen '),
('TI20150705107', 'Tarjeta', '', 'Altavista', 'CL20150705107', 2, '', '2015-07-05 17:01:54', '2015-07-05 17:08:12', '4', 'Cancelado', 'Master Card y Visa', 'Autorizado', 1566, 'mateo herrera y salome piña'),
('TI20150712108', 'Efectivo', '', 'Altavista', 'CL20150712108', 2, '', '2015-07-12 14:10:39', '2015-07-12 14:24:30', '6', 'Cancelado', '3000', 'Autorizado', 2469, 'periferico y gomez farias'),
('TI20150715109', 'Tarjeta', '', 'Altavista', 'CL20150715109', 2, 'no traer servicio de servilletas y palillos. tampoco incluir galleta de la suerte ni soya. ', '2015-07-15 15:22:38', '2015-07-15 15:25:28', '1', 'Cancelado', 'Master Card y Visa', 'Autorizado', 205, 'ricardo castro y jaime nuno'),
('TI20150717110', 'Tarjeta', '', 'Universidad ', 'CL20150717110', 2, 'por favor mucha salsa de soya con chiles toreados.', '2015-07-17 17:23:22', '2015-07-17 17:26:24', '2', 'Cancelado', 'Master Card y Visa', 'Autorizado', 210, 'pilares y matías romero'),
('TI20150717111', 'Efectivo', '', 'Altavista', 'CL20150717111', 2, 'sin verdura por favor el arroz!!! ', '2015-07-17 21:08:24', '2015-07-17 21:11:38', '2', 'Cancelado', '500', 'Autorizado', 425, 'aureliano rivera y plaza del carmen '),
('TI20150718112', 'Efectivo', '', 'Universidad ', 'CL20150718112', 2, '', '2015-07-18 14:17:55', '2015-07-18 14:25:37', '5', 'Cancelado', '1500', 'Autorizado', 1211, 'aldama y guerrero'),
('TI20150720113', 'Tarjeta', '', 'Universidad ', 'CL20150720113', 2, 'por favor poner dos botes pequeños de chiles toreados.', '2015-07-20 15:42:06', '2015-07-20 15:46:30', '2', 'Cancelado', 'Master Card y Visa', 'Autorizado', 255, 'pilares y matias romero'),
('TI20150721114', 'Efectivo', '', 'Universidad ', 'CL20150721114', 2, '', '2015-07-21 14:33:43', '2015-07-21 14:37:47', '2', 'Cancelado', '400', 'Autorizado', 330, 'matías romero y Ángel urraza'),
('TI20150722115', 'Tarjeta', '', 'Universidad ', 'CL20150722115', 2, '', '2015-07-22 20:28:21', '2015-07-22 20:39:48', '2', 'Cancelado', 'Master Card y Visa', 'Autorizado', 521, 'bartolache y moras'),
('TI20150725116', 'Tarjeta', '', 'Altavista', 'CL20150725116', 2, '', '2015-07-25 14:56:06', '2015-07-25 15:06:06', '2', 'Cancelado', 'Master Card y Visa', 'Autorizado', 320, 'esquina con ernesto elorduy '),
('TI20150725117', 'Efectivo', '', 'Altavista', 'CL20150725117', 2, 'sin brocoli el arroz, por favor!', '2015-07-25 16:31:00', '2015-07-25 16:41:32', '3', 'Cancelado', '1000', 'Autorizado', 490, 'calero y campestre'),
('TI20150731118', 'Tarjeta', '', 'Universidad ', 'CL20150731118', 2, '', '2015-07-31 15:24:56', '2015-07-31 15:28:23', '2', 'Cancelado', 'Master Card y Visa', 'Autorizado', 479, 'eje 8 y parroquia'),
('TI20150731119', 'Efectivo', '', 'Altavista', 'CL20150731119', 2, '', '2015-07-31 17:15:37', '2015-07-31 17:39:54', '2', 'Cancelado', '900', 'Autorizado', 685, 'esquina borregos'),
('TI20150802120', 'Efectivo', '', 'Altavista', 'CL20150802120', 2, '', '2015-08-02 18:15:48', '2015-08-02 18:21:35', '2', 'Cancelado', '500', 'Autorizado', 455, 'avenida toluca y canalito'),
('TI20150803121', 'Efectivo', '', 'Altavista', 'CL20150803121', 2, '', '2015-08-03 15:30:40', '2015-08-03 15:44:10', '3', 'Cancelado', '700', 'Autorizado', 598, 'esquina con jazmin'),
('TI20150805123', 'Tarjeta', '', 'Universidad ', 'CL20150805123', 2, 'por favor pongan un bote de puros chiles toreados.', '2015-08-05 13:33:52', '2015-08-05 13:36:48', '1', 'Cancelado', 'Master Card y Visa', 'Autorizado', 265, 'pilares y matías romero'),
('TI20150807124', 'Tarjeta', '', 'Universidad ', 'CL20150807124', 2, '', '2015-08-07 20:01:42', '2015-08-07 20:07:56', '2', 'Cancelado', 'Master Card y Visa', 'Autorizado', 420, 'vista hermosa y río churubusco'),
('TI20150812131', 'Efectivo', '', 'Altavista', 'CL20150812131', 2, '', '2015-08-12 13:48:15', '2015-08-12 13:50:42', '2', 'Cancelado', '700', 'Autorizado', 500, 'barranca del muerto y hermes'),
('TI20150813110', 'Efectivo', '', 'Altavista', 'CL20150813110', 2, 'x', '2015-08-13 16:11:09', '2015-08-13 16:11:38', '2', 'Cancelado', '2', 'Autorizado', 225, '2'),
('TI20150814111', 'Efectivo', '', 'Universidad ', 'CL20150814111', 2, '55', '2015-08-14 13:54:15', '2015-08-14 13:54:52', '5', 'Cancelado', '500', 'Autorizado', 490, 'prueba'),
('TI20150814112', 'Efectivo', '', 'Universidad ', 'CL20150814112', 2, 'prueba', '2015-08-14 13:56:46', '2015-08-14 13:57:54', '2', 'Cancelado', '2', 'Autorizado', 740, '2'),
('TI20150814113', 'Efectivo', '', 'Altavista', 'CL20150814113', 2, '', '2015-08-14 17:07:26', '2015-08-14 17:12:25', '1', 'Cancelado', '500', 'Autorizado', 300, 'desierto de los leones '),
('TI20150814114', 'Efectivo', '', 'Universidad ', 'CL20150814114', 2, '', '2015-08-14 17:14:54', '2015-08-14 17:16:40', '1', 'Cancelado', '500', 'Autorizado', 230, 'universidad'),
('TI20150815115', 'Efectivo', '', 'Altavista', 'CL20150815115', 2, '', '2015-08-15 16:29:52', '2015-08-15 16:31:49', '2', 'Cancelado', '500', 'Autorizado', 320, 'entre calle 19 y calle 21'),
('TI20150816116', 'Efectivo', '', 'Universidad ', 'CL20150816116', 2, 'no', '2015-08-16 14:23:19', '2015-08-16 14:36:27', '1', 'Cancelado', '500', 'Autorizado', 309, 'esquina general manuel rincón '),
('TI20150817117', 'Efectivo', '', 'Universidad ', 'CL20150817117', 2, '', '2015-08-17 21:04:05', '2015-08-17 21:06:16', '2', 'Cancelado', '500', 'Autorizado', 321, 'xola y la morena'),
('TI20150819118', 'Tarjeta', '', 'Altavista', 'CL20150819118', 2, 'no', '2015-08-19 19:43:36', '2015-08-19 19:51:45', '3', 'Cancelado', 'Master Card y Visa', 'Autorizado', 720, 'miguel angel quevedo y vito alession robles'),
('TI20150821119', 'Efectivo', '', 'Universidad ', 'CL20150821119', 2, 'cebolla y cebollin', '2015-08-21 19:37:37', '2015-08-21 19:45:00', '2', 'Cancelado', '500', 'Autorizado', 385, 'felix cuevas y parroquia'),
('TI20150821120', 'Tarjeta', '', 'Altavista', 'CL20150821120', 2, 'no', '2015-08-21 21:04:56', '2015-08-21 21:23:02', '2', 'Cancelado', 'Master Card y Visa', 'Autorizado', 410, 'condor y fujiyama'),
('TI20150822121', 'Tarjeta', '', 'Altavista', 'CL20150822121', 2, '', '2015-08-22 17:49:45', '2015-08-22 17:58:34', '2', 'Cancelado', 'Master Card y Visa', 'Autorizado', 643, 'cerro del hombre y cerro de la luz'),
('TI20150823122', 'Tarjeta', '', 'Altavista', 'CL20150823122', 2, 'cebollin', '2015-08-23 14:40:30', '2015-08-23 14:49:52', '3', 'Cancelado', 'American Express', 'Autorizado', 845, 'frontera y 2da cerrada de frontera'),
('TI20150830123', 'Efectivo', '', 'Universidad ', 'CL20150830123', 2, '', '2015-08-30 14:15:51', '2015-08-30 14:18:24', '1', 'Cancelado', '500', 'Autorizado', 285, 'madrid y rio churubusco'),
('TI20150830124', 'Efectivo', '', 'Altavista', 'CL20150830124', 2, '', '2015-08-30 14:45:48', '2015-08-30 14:53:26', '1', 'Cancelado', '200', 'Autorizado', 160, 'ernesto elorduy y felipe villanueva'),
('TI20150830125', 'Tarjeta', '', 'Universidad ', 'CL20150830125', 2, 'no', '2015-08-30 15:29:26', '2015-08-30 15:37:12', '2', 'Cancelado', 'Master Card y Visa', 'Autorizado', 262, 'esquina gral manuel rincón '),
('TI20150830126', 'Efectivo', '', 'Altavista', 'CL20150830126', 2, 'no', '2015-08-24 18:43:11', '2015-08-30 19:45:30', '3', 'Cancelado', '800', 'Autorizado', 774, 'miguel angel quevedo y vito alession robles'),
('TI20150831127', 'Tarjeta', '', 'Universidad ', 'CL20150831127', 2, 'no por favor poner limón ', '2015-08-31 17:04:28', '2015-08-31 17:14:01', '2', 'Cancelado', 'Master Card y Visa', 'Autorizado', 350, 'esquina gral manuel rincón '),
('TI20150901128', 'Efectivo', '', 'Altavista', 'CL20150901128', 2, '', '2015-09-01 17:02:17', '2015-09-01 17:12:48', '2', 'Cancelado', '300', 'Autorizado', 235, 'fco villalpando consultorio medico shcp'),
('TI20150905129', 'Efectivo', '', 'Universidad ', 'CL20150905129', 2, 'no', '2015-09-05 16:40:15', '2015-09-05 16:53:00', '2', 'Cancelado', '500', 'Autorizado', 338, 'general manuel rincón '),
('TI20150912130', 'Efectivo', '', 'Altavista', 'CL20150912130', 2, '', '2015-09-12 16:24:43', '2015-09-12 16:36:34', '2', 'Cancelado', '500', 'Autorizado', 428, 'esquina con jazmin '),
('TI20150912131', 'Tarjeta', '', 'Universidad ', 'CL20150912131', 2, '', '2015-09-12 13:57:52', '2015-09-12 19:32:09', '1', 'Cancelado', 'Master Card y Visa', 'Autorizado', 315, 'pilares y matías romero'),
('TI20150918132', 'Efectivo', '', 'Universidad ', 'CL20150918132', 2, 'no', '2015-09-18 19:41:14', '2015-09-18 19:46:51', '2', 'Cancelado', '500', 'Autorizado', 262, 'esquina gral manuel rincón '),
('TI20150919133', 'Tarjeta', '', 'Altavista', 'CL20150919133', 2, '', '2015-09-19 19:15:52', '2015-09-19 19:20:33', '1', 'Cancelado', 'Master Card y Visa', 'Autorizado', 160, 'jaime nuno y ricardo castro'),
('TI20150920134', 'Efectivo', '', 'Universidad ', 'CL20150920134', 2, 'no', '2015-09-20 15:48:42', '2015-09-20 16:21:20', '1', 'Cancelado', '200', 'Autorizado', 190, 'av.cuauhtemoc y avuniversidad (edif.vyve)'),
('TI20150926135', 'Tarjeta', '', 'Altavista', 'CL20150926135', 2, '', '2015-09-26 14:58:27', '2015-09-26 15:22:34', '2', 'Cancelado', 'American Express', 'Autorizado', 1200, 'av revolución y santiago rebull'),
('TI20150926136', 'Tarjeta', '', 'Altavista', 'CL20150926136', 2, '', '2015-09-26 18:15:55', '2015-09-26 18:19:37', '2', 'Cancelado', 'Master Card y Visa', 'Autorizado', 245, 'minerva y av universidad'),
('TI20150926137', 'Efectivo', '', 'Universidad ', 'CL20150926137', 2, '', '2015-09-26 18:17:31', NULL, '2', 'Cancelado', '300', 'Autorizado', 223, 'av cuauhtemoc y av universidad'),
('TI20150927138', 'Tarjeta', '', 'Altavista', 'CL20150927138', 2, '', '2015-09-27 14:46:55', '2015-09-27 14:53:25', '2', 'Cancelado', 'Master Card y Visa', 'Autorizado', 581, 'ricardo castro y jaime nunó'),
('TI20150927139', 'Efectivo', '', 'Altavista', 'CL20150927139', 2, '', '2015-09-27 15:14:13', '2015-09-27 15:22:36', '2', 'Cancelado', '600', 'Autorizado', 492, 'esquina con jazmin'),
('TI20150927140', 'Efectivo', '', 'Universidad ', 'CL20150927140', 2, '', '2015-09-27 18:42:58', '2015-09-27 18:59:27', '1', 'Cancelado', '500', 'Autorizado', 203, 'esquina manuel rincón '),
('TI20150928141', 'Efectivo', '', 'Altavista', 'CL20150928141', 2, '', '2015-09-28 20:37:57', '2015-09-28 21:07:40', '3', 'Cancelado', '1100', 'Autorizado', 935, 'cuahutemoc y nicolas bravo'),
('TI20151002142', 'Efectivo', '', 'Altavista', 'CL20151002142', 2, '', '2015-10-02 19:30:56', '2015-10-02 19:41:57', '3', 'Cancelado', '500', 'Autorizado', 505, 'esquina con jazmin '),
('TI20151003143', 'Tarjeta', '', 'Altavista', 'CL20151003143', 2, '', '2015-10-03 14:53:27', '2015-10-03 15:05:15', '2', 'Cancelado', 'Master Card y Visa', 'Autorizado', 434, 'cerro del hombre y cerro de la luz'),
('TI20151004144', 'Efectivo', '', 'Universidad ', 'CL20151004144', 2, '', '2015-10-04 14:11:29', '2015-10-04 14:42:42', '2', 'Cancelado', '300', 'Autorizado', 230, 'av cuauhtemoc y av universidad (edif vyve)'),
('TI20151004145', 'Tarjeta', '', 'Universidad ', 'CL20151004145', 2, '', '2015-10-04 17:28:08', '2015-10-04 17:40:16', '2', 'Cancelado', 'American Express', 'Autorizado', 427, 'esquina manuel rincón '),
('TI20151007146', 'Efectivo', '', 'Altavista', 'CL20151007146', 2, '', '2015-10-07 18:30:49', '2015-10-07 18:39:46', '2', 'Cancelado', '700', 'Autorizado', 1285, 'esq. con panzacola (edif. naranja)'),
('TI20151008147', 'Efectivo', '', 'Altavista', 'CL20151008147', 2, 'no', '2015-10-08 14:44:27', NULL, '1', 'Cancelado', '200', 'Autorizado', 202, 'copilco y miguel Ángel de quevedo '),
('TI20151008148', 'Efectivo', '', 'Altavista', 'CL20151008148', 2, 'no', '2015-10-08 20:39:07', '2015-10-08 20:52:12', '4', 'Cancelado', '1500', 'Autorizado', 1315, 'cascada y fuego'),
('TI20151009149', 'Efectivo', '', 'Universidad ', 'CL20151009149', 2, '', '2015-10-09 17:00:27', '2015-10-09 17:02:34', '2', 'Cancelado', '500', 'Autorizado', 200, 'av. cuauhtemoc y av univ (edificio vyve)'),
('TI20151021150', 'Efectivo', '', 'Altavista', 'CL20151021150', 2, 'hay perrro', '2015-10-21 21:27:49', '2015-10-21 21:29:01', '2', 'Cancelado', '500', 'Autorizado', 255, 'prola y palam'),
('TI20151021151', 'Efectivo', '', 'Altavista', 'CL20151021151', 2, 'lldasda', '2015-10-21 22:17:07', '2015-10-21 22:19:15', '4', 'Cancelado', '500', 'Autorizado', 390, '33'),
('TI20151021152', 'Efectivo', '', 'Altavista', 'CL20151021152', 2, 'ddeee', '2015-10-21 22:26:18', '2015-10-21 22:27:23', '33333', 'Cancelado', '4000', 'Autorizado', 370, '3333'),
('TI20151021153', 'Efectivo', '', 'Altavista', 'CL20151021153', 2, 'd', '2015-10-21 22:53:24', '2015-10-21 22:54:12', '399', 'Cancelado', '5900', 'Autorizado', 195, 'plll'),
('TI20151026154', 'Efectivo', '', 'Universidad ', 'CL20151026154', 2, 'esto es una prueba', '2015-10-26 19:01:32', '2015-10-26 19:02:18', '2', 'Cancelado', '1000', 'Autorizado', 850, 'aqui y alla'),
('TI20151026155', 'Efectivo', '', 'Universidad ', 'CL20151026155', 2, '', '2015-10-26 19:04:40', '2015-10-26 19:06:31', '1', 'Cancelado', '1000', 'Autorizado', 280, 'enenene'),
('TI20151028156', 'Efectivo', '', 'Altavista', 'CL20151028156', 2, 'no palitllos ni cubiertos.', '2015-10-28 19:35:13', '2015-10-28 19:39:20', '2', 'Cancelado', '500', 'Autorizado', 351, 'ricardo castro y  jaime nuno'),
('TI20151029157', 'Tarjeta', '', 'Altavista', 'CL20151029157', 2, '', '2015-10-29 20:51:25', '2015-10-29 20:56:16', '2', 'Cancelado', 'Master Card y Visa', 'Autorizado', 563, 'esquina con jazmin '),
('TI20151030158', 'Efectivo', '', 'Altavista', 'CL20151030158', 2, '', '2015-10-30 14:53:18', '2015-10-30 14:56:43', '2', 'Cancelado', '500', 'Autorizado', 460, 'arturo y lazcano'),
('TI20151030159', 'Efectivo', '', 'Altavista', 'CL20151030159', 2, '', '2015-10-30 16:12:35', '2015-10-30 18:46:31', '4', 'Cancelado', '900', 'Autorizado', 800, 'miguel angel quevedo y vito alession robles'),
('TI20151101160', 'Efectivo', '', 'Altavista', 'CL20151101160', 2, '', '2015-11-01 13:38:50', NULL, '3', 'Cancelado', '1500', 'Autorizado', 1085, 'esquina con saturnino herrán'),
('TI20151104161', 'Efectivo', '', 'Altavista', 'CL20151104161', 2, '', '2015-11-04 19:15:24', '2015-11-04 19:24:06', '1', 'Cancelado', '200', 'Autorizado', 163, 'casi esquina gomez farías'),
('TI20151109162', 'Efectivo', '', 'Altavista', 'CL20151109162', 2, '', '2015-11-09 14:02:33', '2015-11-09 14:26:20', '2', 'Cancelado', '120', 'Autorizado', 225, 'revolucion y insurgentes'),
('TI20151112163', 'Efectivo', '', 'Altavista', 'CL20151112163', 2, 'sin pepino y solo con salsa de soya', '2015-11-12 13:51:09', '2015-11-12 13:53:17', '1', 'Cancelado', '121', 'Autorizado', 115, 'insurgentes & revolucion'),
('TI20151114164', 'Tarjeta', '', 'Universidad ', 'CL20151114164', 2, 'reemplazar arroz jazmín que acompaña el pollo y la res por arroz pekin, aunque se cargue la diferencia, de no ser posible, eliminar las porciones de arroz jazmín e incluir la orden de arroz pekin.', '2015-11-14 13:38:50', '2015-11-14 14:25:07', '2', 'Cancelado', 'Master Card y Visa', 'Autorizado', 690, 'pilares y matías romero'),
('TI20151114165', 'Efectivo', '', 'Universidad ', 'CL20151114165', 2, '', '2015-11-14 14:42:03', '2015-11-14 14:43:12', '2', 'Cancelado', '500', 'Autorizado', 350, 'anaxagoras '),
('TI20151114166', 'Efectivo', '', 'Universidad ', 'CL20151114166', 2, 'nada', '2015-11-14 17:03:12', '2015-11-14 17:04:10', '6', 'Cancelado', '500', 'Autorizado', 700, 'hkn'),
('TI20151114167', 'Tarjeta', '', 'Altavista', 'CL20151114167', 2, '', '2015-11-14 17:12:55', '2015-11-14 17:24:07', '1', 'Cancelado', 'American Express', 'Autorizado', 385, 'callejon las cruces y rio la escondida'),
('TI20151114168', 'Tarjeta', '', 'Altavista', 'CL20151114168', 2, 'solo no traer palillos ni soya. ', '2015-11-14 21:16:43', '2015-11-14 21:20:53', '2', 'Cancelado', 'Master Card y Visa', 'Autorizado', 279, 'ricardo castro y jaime nuno'),
('TI20151117169', 'Efectivo', '', 'Altavista', 'CL20151117169', 2, '', '2015-11-17 16:47:56', '2015-11-17 16:49:36', '2', 'Cancelado', '300', 'Autorizado', 320, 'revolución '),
('TI20151120170', 'Tarjeta', '', 'Altavista', 'CL20151120170', 2, 'no traer soya ni palillos. traer orden extra de salsa de chabacano. ', '2015-11-20 15:53:48', '2015-11-20 15:55:46', '2', 'Cancelado', 'Master Card y Visa', 'Autorizado', 279, 'jaime nuno y ricardo castro'),
('TI20151120171', 'Tarjeta', '', 'Altavista', 'CL20151120171', 2, 'nop', '2015-11-20 20:32:41', '2015-11-20 20:38:34', '1', 'Cancelado', 'Master Card y Visa', 'Autorizado', 200, 'dentro de atlamaya,'),
('TI20151121172', 'Tarjeta', '', 'Universidad ', 'CL20151121172', 2, '', '2015-11-21 14:55:00', '2015-11-21 14:57:35', '1', 'Cancelado', 'Master Card y Visa', 'Autorizado', 215, 'gabriel mancera esquina parroquia'),
('TI20151122173', 'Efectivo', '', 'Altavista', 'CL20151122173', 2, 'mucho gengibre ', '2015-11-22 14:19:54', '2015-11-22 14:24:06', '3', 'Cancelado', '1500', 'Autorizado', 1202, 'flor de maria y barranca de pilares'),
('TI20151122174', 'Efectivo', '', 'Altavista', 'CL20151122174', 2, '', '2015-11-22 16:09:59', '2015-11-22 16:16:19', '1', 'Cancelado', '400', 'Autorizado', 209, 'callejón las cruces y rio la escondida'),
('TI20151123175', 'Tarjeta', '', 'Altavista', 'CL20151123175', 2, '', '2015-11-23 21:11:28', '2015-11-23 21:17:24', '2', 'Cancelado', 'Master Card y Visa', 'Autorizado', 234, 'las Águilas y Álvaro obregón ');
INSERT INTO `pedido` (`idPedido`, `tipopago`, `paypal`, `idSucursal`, `idCliente`, `impreso`, `Observacion`, `registro`, `registroImpresion`, `personas`, `timpo`, `billeteTarjeta`, `estado`, `total`, `calles`) VALUES
('TI20151124176', 'Tarjeta', '', 'Altavista', 'CL20151124176', 2, '', '2015-11-24 16:45:35', '2015-11-24 16:48:04', '2', 'Cancelado', 'Master Card y Visa', 'Autorizado', 179, 'las Águilas y gutiérrez zamora '),
('TI20151124177', 'Tarjeta', '', 'Altavista', 'CL20151124177', 2, '', '2015-11-24 17:58:31', '2015-11-24 18:16:20', '3', 'Cancelado', 'Master Card y Visa', 'Autorizado', 259, 'las águilas y gutierrez zamora '),
('TI20151126178', 'Tarjeta', '', 'Universidad ', 'CL20151126178', 2, '', '2015-11-26 13:54:29', '2015-11-26 13:56:12', '1', 'Cancelado', 'Master Card y Visa', 'Autorizado', 165, 'lateral churubusco y bruselas'),
('TI20151126179', 'Tarjeta', '', 'Altavista', 'CL20151126179', 2, '', '2015-11-26 20:40:52', '2015-11-26 20:48:17', '2', 'Cancelado', 'American Express', 'Autorizado', 550, 'fujiyama y condor '),
('TI20151128180', 'Tarjeta', '', 'Altavista', 'CL20151128180', 2, 'no traer soya ni palillos. una orden extra de salsa de chabacano. ', '2015-11-28 20:46:40', '2015-11-28 20:48:49', '1', 'Cancelado', 'Master Card y Visa', 'Autorizado', 194, 'ricardo castro y jaime nuno'),
('TI20151129181', 'Efectivo', '', 'Universidad ', 'CL20151129181', 2, 'prueba sistema', '2015-11-29 18:03:40', '2015-11-29 18:04:34', '1', 'Cancelado', '1000', 'Autorizado', 225, 'prueba'),
('TI20151129182', 'Efectivo', '', 'Universidad ', 'CL20151129182', 2, 'esto es una prueba', '2015-11-29 18:30:36', '2015-11-29 18:33:40', '10', 'Cancelado', '500', 'Autorizado', 2050, 'hdkdjfl'),
('TI20151201183', 'Tarjeta', '', 'Altavista', 'CL20151201183', 2, '', '2015-12-01 16:18:36', '2015-12-01 16:22:15', '2', 'Cancelado', 'Master Card y Visa', 'Autorizado', 239, 'las Águilas y gutiérrez zamora'),
('TI20151202184', 'Efectivo', '', 'Altavista', 'CL20151202184', 2, '', '2015-12-02 21:18:31', '2015-12-02 21:19:44', '2', 'Cancelado', '200', 'Autorizado', 150, ''),
('TI20151202186', 'Efectivo', '', 'Altavista', 'CL20151202186', 2, 'x', '2015-12-02 22:19:25', '2015-12-02 22:20:16', '1', 'Cancelado', '1', 'Autorizado', 225, 'x'),
('TI20151202187', 'Efectivo', '', 'Altavista', 'CL20151202187', 2, 'x', '2015-12-02 22:23:43', '2015-12-02 22:24:26', '2', 'Cancelado', '2', 'Autorizado', 195, 'x'),
('TI20151202188', 'Efectivo', '', 'Altavista', 'CL20151202188', 2, 'das', '2015-12-02 23:21:04', '2015-12-02 23:23:01', '1', 'Cancelado', '100', 'Autorizado', 1005, 'das'),
('TI20151203189', 'Efectivo', '', 'Altavista', 'CL20151203189', 2, 'dadas', '2015-12-03 00:57:10', '2015-12-03 00:59:34', '2', 'Cancelado', '2', 'Autorizado', 710, 'das'),
('TI20151203190', 'Efectivo', '', 'Altavista', 'CL20151203190', 2, 'prueba', '2015-12-03 01:11:00', '2015-12-03 01:11:46', '000', 'Cancelado', '6000', 'Autorizado', 400, 'calle prol'),
('TI20151203191', 'Efectivo', '', 'Altavista', 'CL20151203191', 2, 'prueb', '2015-12-03 01:17:04', '2015-12-03 01:17:34', '2', 'Cancelado', '2', 'Autorizado', 450, '2'),
('TI20151203192', 'Efectivo', '', 'Universidad ', 'CL20151203192', 2, 'prueba', '2015-12-03 01:44:34', '2015-12-03 01:45:09', '1', 'Cancelado', '50', 'Autorizado', 390, 'dsa'),
('TI20151204193', 'Tarjeta', '', 'Altavista', 'CL20151204193', 2, '', '2015-12-04 19:19:13', '2015-12-04 19:33:22', '1', '30 min', 'Master Card y Visa', 'Autorizado', 168, 'cerro de la mano y cerro del otate'),
('TI20151206194', 'Efectivo', '', 'Altavista', 'CL20151206194', 2, '', '2015-12-06 14:39:29', '2015-12-06 14:43:36', '2', '1 Hora', '800', 'Autorizado', 625, '11 de abril y calle 4'),
('TI20151206195', 'Tarjeta', '', 'Altavista', 'CL20151206195', 2, '', '2015-12-06 15:30:30', NULL, '2', 'Cancelado', 'Master Card y Visa', 'Autorizado', 465, 'insurgentes sur y pimentel. atras del garden.'),
('TI20151214196', 'Tarjeta', '', 'Altavista', 'CL20151214196', 2, 'no traer palillos ni cubiertos. ', '2015-12-14 14:53:58', '2015-12-14 15:02:25', '2', '30 min', 'Master Card y Visa', 'Autorizado', 324, 'ricardo castro y jaime nuno'),
('TI20151216197', 'Efectivo', '', 'Altavista', 'CL20151216197', 2, '', '2015-12-16 20:51:46', '2015-12-16 20:53:54', '1', '30 min', '200', 'Autorizado', 160, 'reina y arturo'),
('TI20151219198', 'Efectivo', '', 'Universidad ', 'CL20151219198', 2, '', '2015-12-19 19:10:36', '2015-12-19 19:13:36', '2', 'Cancelado', '400', 'Autorizado', 300, 'filipinas y odesa'),
('TI20151221199', 'Efectivo', '', 'Altavista', 'CL20151221199', 2, '', '2015-12-21 18:37:37', '2015-12-21 18:44:45', '1', '30 min', '400', 'Autorizado', 280, 'esq. borregis'),
('TI20151226200', 'Tarjeta', '', 'Universidad ', 'CL20151226200', 2, '', '2015-12-26 15:14:14', '2015-12-26 15:20:09', '3', 'Cancelado', 'Master Card y Visa', 'Autorizado', 760, 'chichen itza  y matías romero'),
('TI20151227201', 'Tarjeta', '', 'Universidad ', 'CL20151227201', 2, '', '2015-10-05 17:26:58', '2015-12-27 13:32:34', '4', 'Cancelado', 'Master Card y Visa', 'Autorizado', 1329, 'republicas y eje 8'),
('TI20151231202', 'Efectivo', '', 'Altavista', 'CL20151231202', 2, '', '2015-12-31 18:11:42', '2015-12-31 18:28:53', '2', '30 min', '600', 'Autorizado', 635, 'calzada desierto de los leones y calle 6 '),
('TI20160103203', 'Efectivo', '', 'Altavista', 'CL20160103203', 2, '', '2016-01-03 14:10:07', '2016-01-03 14:13:51', '1', '30 min', '300', 'Autorizado', 365, 'periferico y desierto de los leones'),
('TI20160103204', 'Efectivo', '', 'Altavista', 'CL20160103204', 2, '', '2016-01-03 17:08:32', '2016-01-03 17:18:14', '2', 'Cancelado', '700', 'Autorizado', 662, 'esquina con jazmin '),
('TI20160103205', 'Tarjeta', '', 'Universidad ', 'CL20160103205', 2, '', '2016-01-03 17:10:24', '2016-01-03 17:19:37', '2', 'Cancelado', 'Master Card y Visa', 'Autorizado', 598, 'eje 8 y parroquia'),
('TI20160110206', 'Tarjeta', '', 'Altavista', 'CL20160110206', 2, '', '2016-01-10 15:07:18', '2016-01-10 15:12:21', '1', '1_hours_30minuts', 'Master Card y Visa', 'Autorizado', 275, 'altavista y desierto de los leones'),
('TI20160110207', 'Efectivo', '', 'Universidad ', 'CL20160110207', 2, 'prueba prueba', '2016-01-10 18:15:03', '2016-01-10 18:16:13', '6', 'Cancelado', '500', 'Autorizado', 1560, 'prueba'),
('TI20160110208', 'Efectivo', '', 'Universidad ', 'CL20160110208', 2, 'prueba', '2016-01-10 19:36:48', '2016-01-10 19:50:50', '10', 'Cancelado', '500', 'Autorizado', 780, 'prueba'),
('TI20160110209', 'Efectivo', '', 'Universidad ', 'CL20160110209', 1, '', '2016-01-10 20:06:51', '2016-01-10 20:07:36', '10', NULL, '500', 'Autorizado', 780, 'prueba'),
('TI20160110210', 'Efectivo', '', 'Altavista', 'CL20160110210', 2, 'prueba, rechazar', '2016-01-10 20:19:12', '2016-01-10 20:20:09', '10', 'Cancelado', '500', 'Autorizado', 7722, 'prueba, rechazar'),
('TI20160110211', 'Efectivo', '', 'Altavista', 'CL20160110211', 2, 'prueba, rechazar', '2016-01-10 20:27:32', '2016-01-10 20:28:23', '10', 'Cancelado', '500', 'Autorizado', 7722, 'prueba, rechazar'),
('TI20160117212', 'Tarjeta', '', 'Universidad ', 'CL20160117212', 2, '', '2016-01-17 15:54:45', '2016-01-17 16:08:21', '2', 'Cancelado', 'American Express', 'Autorizado', 660, 'esquina rio churubusco'),
('TI20160117213', 'Tarjeta', '', 'Altavista', 'CL20160117213', 2, '', '2016-01-17 16:49:42', '2016-01-17 16:53:49', '2', '45 min', 'Master Card y Visa', 'Autorizado', 495, 'esquina ernesto elorduy'),
('TI20160118214', 'Efectivo', '', 'Universidad ', 'CL20160118214', 2, 'saludos ', '2016-01-18 17:58:20', '2016-01-18 18:00:38', '1', 'Cancelado', '500', 'Autorizado', 780, 'gegh'),
('TI20160118215', 'Efectivo', '', 'Universidad ', 'CL20160118215', 2, 'ahora....', '2016-01-18 19:08:42', '2016-01-18 19:09:28', '5', 'Cancelado', '600', 'Autorizado', 780, 'djdkdj'),
('TI20160118216', 'Efectivo', '', 'Universidad ', 'CL20160118216', 2, 'este q show...', '2016-01-18 19:11:45', '2016-01-18 19:12:39', '5', 'Cancelado', '500', 'Autorizado', 780, 'gjv'),
('TI20160118217', 'Efectivo', '', 'Universidad ', 'CL20160118217', 2, 'prueba', '2016-01-18 19:21:57', '2016-01-18 19:23:09', '2', 'Cancelado', '700', 'Autorizado', 395, 'eje 8 y parroquia'),
('TI20160118218', 'Efectivo', '', 'Altavista', 'CL20160118218', 2, 'prueba', '2016-01-18 20:54:34', '2016-01-18 20:56:11', '3', 'Cancelado', '500', 'Autorizado', 220, ''),
('TI20160120219', 'Efectivo', '', 'Altavista', 'CL20160120219', 2, 'prueba 1000', '2016-01-20 18:35:39', '2016-01-20 18:36:42', '500', 'Cancelado', '500', 'Autorizado', 780, 'prueba 1000'),
('TI20160120220', 'Efectivo', '', 'Altavista', 'CL20160120220', 2, '', '2016-01-20 18:50:16', '2016-01-20 18:51:09', '2', '1 Hora', '500', 'Autorizado', 195, 'revolucion '),
('TI20160121221', 'Efectivo', '', 'Altavista', 'CL20160121221', 2, 'prueba 21 enero', '2016-01-21 13:46:19', '2016-01-21 13:47:06', '76', 'Cancelado', '500', 'Autorizado', 780, 'prueba 21 enero'),
('TI20160121222', 'Efectivo', '', 'Altavista', 'CL20160121222', 2, '', '2016-01-21 13:50:04', '2016-01-21 13:50:40', '10', 'Cancelado', '500', 'Autorizado', 780, 'prueba 21 enero'),
('TI20160121223', 'Efectivo', '', 'Universidad ', 'CL20160121223', 2, 'prueba 21 enero', '2016-01-21 13:56:51', '2016-01-21 13:57:30', '21', 'Cancelado', '500', 'Autorizado', 780, 'prueba 21 enero'),
('TI20160121224', 'Efectivo', '', 'Universidad ', 'CL20160121224', 2, 'prueba 21 enero', '2016-01-21 13:59:11', '2016-01-21 13:59:49', '20', 'Cancelado', '500', 'Autorizado', 780, 'prueba 21 enero gmail'),
('TI20160121225', 'Efectivo', '', 'Altavista', 'CL20160121225', 2, '', '2016-01-21 18:14:26', '2016-01-21 18:15:06', '2', 'Cancelado', '300', 'Autorizado', 390, 'revolucion '),
('TI20160124226', 'Tarjeta', '', 'Altavista', 'CL20160124226', 2, '', '2016-01-24 17:52:04', '2016-01-24 17:55:29', '2', '45 min', 'Master Card y Visa', 'Autorizado', 314, 'ricardo castro/ jaime nuno'),
('TI20160129227', 'Tarjeta', '', 'Universidad ', 'CL20160129227', 2, '', '2016-01-29 14:34:42', '2016-01-29 14:37:55', '2', '30 min', 'Master Card y Visa', 'Autorizado', 229, 'divisiÓn del norte y churubusco'),
('TI20160129228', 'Tarjeta', '', 'Universidad ', 'CL20160129228', 2, 'por favor agreguen dos botecitos de chiles toreados con soya.', '2016-01-29 15:01:00', '2016-01-29 15:04:44', '2', '45 min', 'Master Card y Visa', 'Autorizado', 265, 'pilares y matias romero'),
('TI20160129229', 'Tarjeta', '', 'Altavista', 'CL20160129229', 2, 'no traer palillos ni servilletas ', '2016-01-29 20:22:55', '2016-01-29 20:28:49', '4', '45 min', 'Master Card y Visa', 'Autorizado', 819, 'jaime nuno y ricardo castro'),
('TI20160201230', 'Tarjeta', '', 'Altavista', 'CL20160201230', 2, '', '2016-02-01 15:50:26', '2016-02-01 15:55:10', '2', '1 Hora', 'American Express', 'Autorizado', 455, 'maria luisa y san carlos'),
('TI20160201231', 'Efectivo', '', 'Universidad ', 'CL20160201231', 2, '', '2016-02-01 18:19:13', '2016-02-01 18:29:55', '2', '1_hours_15minuts', '500', 'Autorizado', 425, 'eje 6 sur y matías romero'),
('TI20160204232', 'Tarjeta', '', 'Universidad ', 'CL20160204232', 0, '', '2016-02-04 13:06:17', NULL, '1', NULL, 'Master Card y Visa', 'Autorizado', 209, 'division del norte y churubusco'),
('TI20160205233', 'Efectivo', '', 'Altavista', 'CL20160205233', 0, 'prueba de impresion ', '2016-02-05 15:40:29', NULL, '1', NULL, '8000', 'Autorizado', 7722, 'prueba de impresion '),
('TI20160205234', 'Efectivo', '', 'Universidad ', 'CL20160205234', 0, '', '2016-02-05 20:52:51', NULL, '4', NULL, '1000', 'Autorizado', 617, 'esquina con jose maria olloqui'),
('TI20160206235', 'Tarjeta', '', 'Altavista', 'CL20160206235', 0, 'no traer servicios por favor. ', '2016-02-06 15:26:19', NULL, '2', NULL, 'Master Card y Visa', 'Autorizado', 409, 'jaime nuno y ricardo castro'),
('TI20160206236', 'Efectivo', '', 'Altavista', 'CL20160206236', 0, '', '2016-02-06 19:42:55', NULL, '5', NULL, '1000', 'Autorizado', 705, 'olivo y hortensia'),
('TI20160207237', 'Tarjeta', '', 'Altavista', 'CL20160207237', 0, '', '2016-02-07 14:33:47', NULL, '1', NULL, 'Master Card y Visa', 'Autorizado', 185, 'alpina y 12 de abril'),
('TI20160210238', 'Efectivo', '', 'Altavista', 'CL20160210238', 0, '', '2016-02-10 18:35:06', NULL, '5', NULL, '1600', 'Autorizado', 1220, 'periférico y reyna'),
('TI20160211239', 'Tarjeta', '', 'Universidad ', 'CL20160211239', 0, 'por favor agregar a la orden un bote con suficientes chiles toreados. ', '2016-02-11 15:50:27', NULL, '2', NULL, 'Master Card y Visa', 'Autorizado', 250, 'pilares y matías romero.'),
('TI20160213240', 'Tarjeta', '', 'Altavista', 'CL20160213240', 0, '', '2016-02-13 19:58:29', NULL, '1', NULL, 'American Express', 'Autorizado', 230, 'jaime nuno y ricardo castro'),
('TI20160220241', 'Efectivo', '', 'Altavista', 'CL20160220241', 0, '', '2016-02-20 16:13:32', NULL, '2', NULL, '1000', 'Autorizado', 939, 'esq periferico sur'),
('TI20160220242', 'Efectivo', '', 'Universidad ', 'CL20160220242', 0, 'rechazar prueba', '2016-02-20 19:38:54', NULL, '8', NULL, 'Rech', 'Autorizado', 7722, 'rechazar prueba'),
('TI20160220243', 'Efectivo', '', 'Altavista', 'CL20160220243', 0, 'rechazar prueba', '2016-02-20 19:42:12', NULL, '8', NULL, 'Rech', 'Autorizado', 15444, 'rechazar prueba'),
('TI20160223244', 'Efectivo', '', 'Universidad ', 'CL20160223244', 2, '', '2016-02-23 17:14:23', '2016-02-23 17:15:13', '2', 'Cancelado', '500', 'Autorizado', 300, ''),
('TI20160223245', 'Efectivo', '', 'Altavista', 'CL20160223245', 2, '', '2016-02-23 17:18:06', '2016-02-23 17:18:59', '2', 'Cancelado', '500', 'Autorizado', 220, ''),
('TI20160223246', 'Efectivo', '', 'Altavista', 'CL20160223246', 2, '', '2016-02-23 19:22:14', '2016-02-23 19:23:17', '1', 'Cancelado', '200', 'Autorizado', 185, ''),
('TI20160226247', 'Tarjeta', '', 'Altavista', 'CL20160226247', 0, '', '2016-02-26 14:24:50', NULL, '2', NULL, 'American Express', 'Autorizado', 215, 'perif y 1 cerrada san angel inn'),
('TI20160227249', 'Efectivo', '', 'Altavista', 'CL20160227249', 0, 'si el pollo hunan lleva arroz jazmin, porfavor envíenlo ', '2016-02-27 18:08:58', NULL, '1', NULL, '500', 'Autorizado', 215, 'esquina los pinos '),
('TI20160228250', 'Tarjeta', '', 'Altavista', 'CL20160228250', 0, '', '2016-02-28 17:28:23', NULL, '2', NULL, 'American Express', 'Autorizado', 528, 'francisco benitez y barranca honda'),
('TI20160228251', 'Efectivo', '', 'Universidad ', 'CL20160228251', 0, 'prueba, favor de rechazar', '2016-02-28 18:03:29', NULL, 'prueb', NULL, '500', 'Autorizado', 7722, 'prueba, favor de rechazar'),
('TI20160228252', 'Efectivo', '', 'Altavista', 'CL20160228252', 0, 'prueba, favor de rechazar', '2016-02-28 18:12:06', NULL, 'prueb', NULL, 'prue', 'Autorizado', 7722, 'prueba, favor de rechazar'),
('TI20160312253', 'Tarjeta', '', 'Altavista', 'CL20160312253', 0, 'no quiero nada picante, sacar wasabi la porcion de salmon extra que sea crudo,', '2016-03-12 20:18:28', NULL, '1', NULL, 'Master Card y Visa', 'Autorizado', 142, 'epsilon y jesus fuentes'),
('TI20160312254', 'Efectivo', '', 'Altavista', 'CL20160312254', 0, 'no pongan salsas extra y quisiera que el arroz que acompaña la carne sea arroz blanco', '2016-03-12 20:34:31', NULL, '1', NULL, '500', 'Autorizado', 208, 'miguel Ángel de quevedo y cerro de la luz'),
('TI20160314255', 'Tarjeta', '', 'Universidad ', 'CL20160314255', 0, 'agregar a la orden un botecito de puros chiles toreados. ', '2016-03-14 14:10:21', NULL, '1', NULL, 'Master Card y Visa', 'Autorizado', 215, 'entre pilares y matías romero'),
('TI20160314256', 'Tarjeta', '', 'Altavista', 'CL20160314256', 0, 'eliminar el gari del rollo de sushi : )', '2016-03-14 21:05:32', NULL, '4', NULL, 'Master Card y Visa', 'Autorizado', 670, 'galeana y asuncion '),
('TI20160317257', 'Tarjeta', '', 'Altavista', 'CL20160317257', 0, '', '2016-03-17 21:01:57', NULL, '2', NULL, 'Master Card y Visa', 'Autorizado', 440, 'condor y fujiyama'),
('TI20160318258', 'Efectivo', '', 'Altavista', 'CL20160318258', 0, 'sin cebolla', '2016-03-18 19:15:35', NULL, '2', NULL, '700', 'Autorizado', 625, 'calle 2 y calle 4'),
('TI20160319259', 'Efectivo', '', 'Altavista', 'CL20160319259', 0, '', '2016-03-19 19:35:26', NULL, '2', NULL, '500', 'Autorizado', 301, 'manantiales  y santa teresa '),
('TI20160321260', 'Efectivo', '', 'Altavista', 'CL20160321260', 0, '', '2016-03-21 19:08:35', NULL, '1', NULL, '500', 'Autorizado', 365, 'porfirio diaz y galeana'),
('TI20160321261', 'Efectivo', '', 'Universidad ', 'CL20160321261', 0, '', '2016-03-21 19:28:21', NULL, '4', NULL, '700', 'Autorizado', 690, 'av. republicas y av. de los montes'),
('TI20160322262', 'Efectivo', '', 'Universidad ', 'CL20160322262', 0, '', '2016-03-22 13:01:08', NULL, '1', NULL, '500', 'Autorizado', 239, 'parroquia y eje7 felix cuevas'),
('TI20160323264', 'Tarjeta', '', 'Altavista', 'CL20160323264', 0, '', '2016-03-23 13:05:19', NULL, '1', NULL, 'Master Card y Visa', 'Autorizado', 476, 'condor y cerrada las aguilas'),
('TI20160328265', 'Efectivo', '', 'Universidad ', 'CL20160328265', 0, '', '2016-03-28 13:01:24', NULL, '1', NULL, '200', 'Autorizado', 184, 'parroquia y eje7 felix cuevas'),
('TI20160505266', 'Tarjeta', '', 'Universidad ', 'CL20160505266', 0, 'por favor incluir en la orden un bote de chiles toreados. ', '2016-05-05 13:53:07', NULL, '2', NULL, 'Master Card y Visa', 'Autorizado', 265, 'pilares y matías romero.'),
('TI20160506267', 'Efectivo', '', 'Universidad ', 'CL20160506267', 0, 'el pollo kung pao sin chile ', '2016-05-06 16:01:45', NULL, '2', NULL, '400', 'Autorizado', 335, 'san lorenzo y felix cuevas'),
('TI20160508268', 'Efectivo', '', 'Universidad ', 'CL20160508268', 0, '', '2016-05-08 14:06:04', NULL, '1', NULL, '500', 'Autorizado', 260, 'cadiz y malaga'),
('TI20160508269', 'Tarjeta', '', 'Universidad ', 'CL20160508269', 0, '', '2016-05-08 13:26:21', NULL, '2', NULL, 'Master Card y Visa', 'Autorizado', 498, 'patricio sanz y providencia'),
('TI20160511270', 'Tarjeta', '', 'Universidad ', 'CL20160511270', 0, '', '2016-05-11 17:01:03', NULL, '1', NULL, 'Master Card y Visa', 'Autorizado', 310, 'nadadores y corredores');

-- --------------------------------------------------------

--
-- Estructura de tabla para la tabla `pedidosproductos`
--

CREATE TABLE IF NOT EXISTS `pedidosproductos` (
  `idPedidosProductos` bigint(20) NOT NULL AUTO_INCREMENT,
  `cantidad` int(11) DEFAULT NULL,
  `precio` float DEFAULT NULL,
  `idProducto` varchar(45) NOT NULL,
  `registro` datetime DEFAULT NULL,
  `idPedido` varchar(45) NOT NULL,
  PRIMARY KEY (`idPedidosProductos`),
  KEY `fk_Pedidos_Producto1_idx` (`idProducto`),
  KEY `fk_PedidosProductos_Pedido1_idx` (`idPedido`)
) ENGINE=InnoDB  DEFAULT CHARSET=utf8 AUTO_INCREMENT=2561 ;

--
-- Volcado de datos para la tabla `pedidosproductos`
--

INSERT INTO `pedidosproductos` (`idPedidosProductos`, `cantidad`, `precio`, `idProducto`, `registro`, `idPedido`) VALUES
(464, 1, 160, 'PCO104', '2014-12-14 14:07:34', 'TI201412141'),
(465, 1, 160, 'PCO77', '2014-12-14 14:07:46', 'TI201412141'),
(466, 1, 78, 'PCO3', '2014-12-14 14:10:25', 'TI201412141'),
(481, 1, 55, 'PCO52', '2014-12-15 15:36:32', 'TI201412153'),
(482, 1, 175, 'PCO84', '2014-12-15 15:36:59', 'TI201412153'),
(483, 1, 130, 'PCO172', '2014-12-15 15:37:20', 'TI201412153'),
(484, 1, 120, 'PCO166', '2014-12-15 15:37:33', 'TI201412153'),
(485, 1, 100, 'PCO70', '2014-12-15 20:11:27', 'TI201412154'),
(486, 1, 115, 'PCO155', '2014-12-15 20:13:12', 'TI201412154'),
(487, 1, 125, 'PCO168', '2014-12-15 20:14:33', 'TI201412154'),
(488, 1, 120, 'PCO167', '2014-12-15 20:18:56', 'TI201412154'),
(491, 2, 85, 'PCO69', '2014-12-18 20:24:24', 'TI201412185'),
(492, 2, 70, 'PCO44', '2014-12-18 20:25:12', 'TI201412185'),
(495, 1, 140, 'PCO29', '2014-12-19 20:59:23', 'TI201412196'),
(496, 1, 140, 'PCO70', '2014-12-19 20:59:45', 'TI201412196'),
(497, 1, 160, 'PCO101', '2014-12-19 20:59:53', 'TI201412196'),
(498, 1, 160, 'PCO101', '2014-12-19 21:04:45', 'TI201412196'),
(499, 1, 85, 'PCO65', '2014-12-19 21:05:34', 'TI201412196'),
(519, 1, 130, 'PCO172', '2014-12-27 14:26:29', 'TI201412277'),
(520, 1, 110, 'PCO154', '2014-12-27 14:27:22', 'TI201412277'),
(521, 1, 115, 'PCO41', '2014-12-27 14:28:30', 'TI201412277'),
(536, 3, 110, 'PCO6', '2014-12-31 14:00:42', 'TI2014123110'),
(537, 3, 115, 'PCO48', '2014-12-31 14:02:19', 'TI2014123110'),
(538, 2, 140, 'PCO34', '2014-12-31 14:02:52', 'TI2014123110'),
(539, 1, 120, 'PCO157', '2014-12-31 14:04:24', 'TI2014123110'),
(540, 1, 115, 'PCO161', '2014-12-31 14:04:45', 'TI2014123110'),
(541, 1, 140, 'PCO64', '2014-12-31 14:05:19', 'TI2014123110'),
(542, 2, 140, 'PCO70', '2014-12-31 14:05:48', 'TI2014123110'),
(543, 2, 175, 'PCO87', '2014-12-31 14:06:07', 'TI2014123110'),
(544, 2, 205, 'PCO95', '2014-12-31 14:06:23', 'TI2014123110'),
(545, 3, 160, 'PCO101', '2014-12-31 14:06:40', 'TI2014123110'),
(546, 1, 195, 'PCO96', '2014-12-31 14:06:59', 'TI2014123110'),
(547, 1, 140, 'PCO29', '2015-01-02 16:17:47', 'TI2015010211'),
(548, 1, 195, 'PCO75', '2015-01-02 16:18:50', 'TI2015010211'),
(549, 1, 160, 'PCO101', '2015-01-02 16:19:58', 'TI2015010211'),
(550, 1, 115, 'PCO28', '2015-01-03 18:50:39', 'TI2015010312'),
(551, 1, 150, 'PCO59', '2015-01-03 18:51:29', 'TI2015010312'),
(552, 1, 55, 'PCO51', '2015-01-03 18:53:03', 'TI2015010312'),
(553, 1, 175, 'PCO88', '2015-01-03 18:54:26', 'TI2015010312'),
(554, 1, 110, 'PCO163', '2015-01-03 19:02:58', 'TI2015010312'),
(555, 1, 80, 'PCO149', '2015-01-03 19:03:03', 'TI2015010312'),
(556, 1, 115, 'PCO156', '2015-01-03 19:03:29', 'TI2015010312'),
(557, 1, 195, 'PCO78', '2015-01-03 19:04:27', 'TI2015010312'),
(558, 1, 99, 'PCO113', '2015-01-03 20:37:29', 'TI2015010313'),
(559, 1, 75, 'idTuna', '2015-01-03 20:38:19', 'TI2015010313'),
(560, 1, 110, 'PCO163', '2015-01-03 20:40:46', 'TI2015010313'),
(561, 1, 130, 'PCO171', '2015-01-03 20:41:21', 'TI2015010313'),
(562, 1, 55, 'PCO67', '2015-01-03 20:46:38', 'TI2015010313'),
(563, 1, 160, 'PCO101', '2015-01-03 20:46:52', 'TI2015010313'),
(566, 1, 85, 'PCO63', '2015-01-07 14:13:41', 'TI2015010714'),
(567, 1, 160, 'PCO107', '2015-01-07 14:17:22', 'TI2015010714'),
(568, 1, 33, 'PCO73', '2015-01-07 14:17:48', 'TI2015010714'),
(569, 1, 110, 'PCO58', '2015-01-07 14:20:43', 'TI2015010714'),
(570, 1, 45, 'PCO27', '2015-01-07 14:30:47', 'TI2015010714'),
(571, 1, 60, 'PCO126', '2015-01-07 14:35:36', 'TI2015010714'),
(573, 1, 85, 'PCO63', '2015-01-12 18:48:57', 'TI2015011215'),
(574, 1, 33, 'PCO73', '2015-01-12 18:49:13', 'TI2015011215'),
(575, 1, 70, 'PCO55', '2015-01-12 18:50:29', 'TI2015011215'),
(576, 1, 60, 'PCO126', '2015-01-12 18:54:46', 'TI2015011215'),
(577, 1, 110, 'PCO58', '2015-01-13 14:02:00', 'TI2015011316'),
(578, 1, 55, 'PCO52', '2015-01-13 14:02:57', 'TI2015011316'),
(579, 1, 175, 'PCO84', '2015-01-13 14:04:10', 'TI2015011316'),
(588, 1, 85, 'PCO63', '2015-01-16 19:34:14', 'TI2015011617'),
(589, 1, 70, 'PCO55', '2015-01-16 19:34:26', 'TI2015011617'),
(590, 1, 33, 'PCO73', '2015-01-16 19:39:59', 'TI2015011617'),
(591, 1, 45, 'PCO27', '2015-01-16 19:42:38', 'TI2015011617'),
(608, 1, 78, 'PCO3', '2015-01-18 19:21:09', 'TI2015011818'),
(609, 1, 125, 'PCO43', '2015-01-18 19:22:35', 'TI2015011818'),
(610, 1, 115, 'PCO48', '2015-01-18 19:23:05', 'TI2015011818'),
(611, 1, 175, 'PCO86', '2015-01-18 19:23:49', 'TI2015011818'),
(612, 1, 85, 'PCO69', '2015-01-18 19:24:55', 'TI2015011818'),
(618, 1, 85, 'PCO63', '2015-01-22 20:09:39', 'TI2015012219'),
(619, 1, 33, 'PCO73', '2015-01-22 20:09:52', 'TI2015012219'),
(620, 1, 70, 'PCO55', '2015-01-22 20:10:05', 'TI2015012219'),
(621, 1, 60, 'PCO126', '2015-01-22 20:10:43', 'TI2015012219'),
(633, 1, 115, 'PCO41', '2015-01-29 18:09:28', 'TI2015012920'),
(634, 1, 280, 'PCO109', '2015-01-29 18:10:55', 'TI2015012920'),
(635, 1, 140, 'PCO70', '2015-01-29 18:11:26', 'TI2015012920'),
(636, 1, 205, 'PCO79', '2015-01-29 18:11:50', 'TI2015012920'),
(637, 1, 175, 'PCO90', '2015-01-29 18:12:10', 'TI2015012920'),
(638, 1, 125, 'PCO43', '2015-01-29 18:14:55', 'TI2015012920'),
(639, 1, 195, 'PCO78', '2015-01-29 18:15:10', 'TI2015012920'),
(641, 1, 160, 'PCO104', '2015-01-31 16:10:20', 'TI2015060486'),
(642, 1, 205, 'PCO94', '2015-01-31 21:21:28', 'TI2015013121'),
(643, 1, 175, 'PCO89', '2015-01-31 21:21:42', 'TI2015013121'),
(644, 1, 75, 'PCO45', '2015-01-31 21:23:52', 'TI2015013121'),
(653, 1, 85, 'PCO63', '2015-02-02 14:44:06', 'TI2015020222'),
(654, 1, 70, 'PCO55', '2015-02-02 14:44:35', 'TI2015020222'),
(655, 1, 33, 'PCO73', '2015-02-02 14:44:49', 'TI2015020222'),
(656, 1, 195, 'PCO76', '2015-02-02 14:44:59', 'TI2015020222'),
(657, 1, 120, 'PCO167', '2015-02-02 14:46:40', 'TI2015020222'),
(710, 1, 78, 'PCO3', '2015-02-16 19:04:01', 'TI2015021625'),
(711, 1, 125, 'PCO43', '2015-02-16 19:04:34', 'TI2015021625'),
(712, 1, 115, 'PCO41', '2015-02-16 19:04:50', 'TI2015021625'),
(713, 1, 85, 'PCO69', '2015-02-16 19:06:21', 'TI2015021625'),
(714, 1, 175, 'PCO90', '2015-02-16 19:07:28', 'TI2015021625'),
(715, 1, 145, 'PCO118', '2015-02-18 19:26:38', 'TI2015021826'),
(716, 1, 115, 'PCO155', '2015-02-18 19:28:39', 'TI2015021826'),
(717, 1, 85, 'PCO65', '2015-02-18 19:29:34', 'TI2015021826'),
(718, 1, 70, 'PCO44', '2015-02-20 19:49:47', 'TI2015022027'),
(719, 1, 160, 'PCO105', '2015-02-20 19:54:54', 'TI2015022027'),
(720, 1, 39, 'PCO179', '2015-02-20 20:03:01', 'TI2015022027'),
(721, 1, 41, 'EXTRA03', '2015-02-20 20:24:28', 'TI2015022027'),
(725, 1, 55, 'PCO52', '2015-02-21 15:41:18', 'TI2015022128'),
(726, 1, 280, 'PCO109', '2015-02-21 15:41:37', 'TI2015022128'),
(727, 1, 195, 'PCO76', '2015-02-21 15:42:25', 'TI2015022128'),
(728, 1, 160, 'PCO159', '2015-02-21 15:43:12', 'TI2015022128'),
(729, 1, 110, 'PCO163', '2015-02-21 15:43:19', 'TI2015022128'),
(751, 1, 85, 'PCO63', '2015-02-27 19:51:44', 'TI2015022729'),
(752, 1, 85, 'PCO71', '2015-02-27 19:52:02', 'TI2015022729'),
(753, 1, 85, 'PCO63', '2015-02-27 19:52:07', 'TI2015022729'),
(754, 1, 160, 'PCO104', '2015-02-27 19:54:54', 'TI2015022729'),
(755, 1, 115, 'PCO156', '2015-02-27 19:58:29', 'TI2015022729'),
(756, 1, 140, 'PCO29', '2015-02-28 13:59:04', 'TI2015022830'),
(757, 1, 140, 'PCO70', '2015-02-28 13:59:51', 'TI2015022830'),
(758, 1, 160, 'PCO104', '2015-02-28 14:01:35', 'TI2015022830'),
(759, 1, 175, 'PCO90', '2015-02-28 14:10:18', 'TI2015022830'),
(760, 1, 140, 'PCO66', '2015-02-28 15:24:27', 'TI2015022832'),
(761, 1, 175, 'PCO84', '2015-02-28 15:25:19', 'TI2015022832'),
(762, 2, 120, 'PCO167', '2015-02-28 15:26:46', 'TI2015022832'),
(763, 1, 125, 'PCO170', '2015-02-28 15:28:21', 'TI2015022832'),
(764, 1, 115, 'PCO41', '2015-02-28 15:28:58', 'TI2015022832'),
(765, 1, 115, 'PCO161', '2015-02-28 15:30:38', 'TI2015022832'),
(775, 1, 125, 'PCO170', '2015-03-07 18:25:38', 'TI2015030733'),
(776, 1, 115, 'PCO161', '2015-03-07 18:27:51', 'TI2015030733'),
(777, 1, 75, 'PCO45', '2015-03-07 18:28:27', 'TI2015030733'),
(778, 2, 78, 'PCO2', '2015-03-07 19:33:05', 'TI2015030734'),
(779, 2, 45, 'PCO13', '2015-03-07 19:33:18', 'TI2015030734'),
(780, 1, 45, 'PCO13', '2015-03-07 19:33:37', 'TI2015030734'),
(781, 2, 140, 'PCO66', '2015-03-07 19:34:07', 'TI2015030734'),
(782, 1, 160, 'PCO101', '2015-03-07 19:35:08', 'TI2015030734'),
(783, 1, 160, 'PCO103', '2015-03-07 19:35:16', 'TI2015030734'),
(784, 2, 55, 'PCO54', '2015-03-07 19:35:48', 'TI2015030734'),
(785, 1, 160, 'PCO105', '2015-03-07 19:37:44', 'TI2015030734'),
(786, 1, 110, 'PCO6', '2015-03-07 19:38:21', 'TI2015030734'),
(787, 1, 160, 'PCO104', '2015-03-08 20:48:03', 'TI2015030835'),
(788, 1, 140, 'PCO29', '2015-03-08 20:48:49', 'TI2015030835'),
(793, 1, 130, 'PCO172', '2015-03-11 15:24:08', 'TI2015031136'),
(794, 1, 120, 'PCO167', '2015-03-11 15:24:39', 'TI2015031136'),
(795, 1, 33, 'PCO73', '2015-03-11 15:25:17', 'TI2015031136'),
(797, 1, 85, 'PCO69', '2015-03-13 19:18:36', 'TI2015031337'),
(798, 1, 33, 'PCO73', '2015-03-13 19:18:49', 'TI2015031337'),
(799, 1, 70, 'PCO55', '2015-03-13 19:19:43', 'TI2015031337'),
(800, 1, 175, 'PCO88', '2015-03-13 19:21:12', 'TI2015031337'),
(801, 1, 145, 'PCO117', '2015-03-13 19:30:45', 'TI2015031337'),
(802, 1, 120, 'PCO167', '2015-03-14 13:41:33', 'TI2015031438'),
(803, 1, 175, 'PCO85', '2015-03-14 13:41:59', 'TI2015031438'),
(804, 1, 140, 'PCO66', '2015-03-14 13:42:30', 'TI2015031438'),
(805, 1, 160, 'PCO101', '2015-03-14 13:51:49', 'TI2015031439'),
(806, 1, 21, 'idHunan', '2015-03-14 13:52:15', 'TI2015031439'),
(813, 1, 280, 'PCO109', '2015-03-14 14:58:18', 'TI2015031440'),
(817, 1, 45, 'PCO13', '2015-03-14 14:59:53', 'TI2015031440'),
(818, 1, 78, 'PCO3', '2015-03-14 15:00:08', 'TI2015031440'),
(820, 1, 125, 'PCO43', '2015-03-14 15:00:59', 'TI2015031440'),
(821, 1, 115, 'PCO41', '2015-03-14 15:01:08', 'TI2015031440'),
(823, 1, 55, 'PCO54', '2015-03-14 15:02:52', 'TI2015031440'),
(824, 1, 55, 'PCO51', '2015-03-14 15:03:04', 'TI2015031440'),
(838, 1, 55, 'PCO51', '2015-03-15 16:38:10', 'TI2015031541'),
(839, 0, 55, 'PCO67', '2015-03-15 16:39:19', 'TI2015031541'),
(840, 1, 175, 'PCO87', '2015-03-15 16:41:52', 'TI2015031541'),
(841, 1, 21, 'idDragon', '2015-03-15 16:44:52', 'TI2015031541'),
(842, 2, 45, 'PCO13', '2015-03-16 14:19:10', 'TI2015031642'),
(843, 3, 55, 'PCO51', '2015-03-16 14:20:17', 'TI2015031642'),
(844, 1, 160, 'PCO107', '2015-03-16 14:21:47', 'TI2015031642'),
(845, 1, 85, 'PCO65', '2015-03-16 14:23:30', 'TI2015031642'),
(847, 1, 280, 'PCO109', '2015-03-16 14:36:26', 'TI2015031642'),
(857, 1, 160, 'PCO105', '2015-03-16 19:50:05', 'TI2015031643'),
(858, 1, 70, 'PCO44', '2015-03-16 19:51:22', 'TI2015031643'),
(859, 1, 160, 'PCO103', '2015-03-16 19:51:47', 'TI2015031643'),
(860, 1, 39, 'PCO178', '2015-03-16 19:52:15', 'TI2015031643'),
(861, 1, 39, 'PCO179', '2015-03-16 19:52:19', 'TI2015031643'),
(862, 1, 41, 'EXTRA03', '2015-03-16 19:53:37', 'TI2015031643'),
(863, 1, 21, 'idDragon', '2015-03-16 19:53:48', 'TI2015031643'),
(876, 2, 70, 'PCO50', '2015-04-02 21:11:25', 'TI2015040244'),
(877, 1, 175, 'PCO84', '2015-04-02 21:11:45', 'TI2015040244'),
(878, 1, 195, 'PCO78', '2015-04-02 21:17:17', 'TI2015040244'),
(886, 1, 75, 'PCO46', '2015-04-04 21:21:58', 'TI2015040445'),
(887, 1, 115, 'PCO36', '2015-04-04 21:22:44', 'TI2015040445'),
(888, 1, 100, 'PCO68', '2015-04-04 21:24:19', 'TI2015040445'),
(889, 1, 215, 'PCO82', '2015-04-04 21:25:31', 'TI2015040445'),
(892, 1, 115, 'PCO28', '2015-04-05 13:35:17', 'TI2015040548'),
(893, 2, 190, 'PCO30', '2015-04-05 13:35:20', 'TI2015040548'),
(895, 1, 115, 'PCO28', '2015-04-05 14:44:45', 'TI2015040550'),
(896, 1, 190, 'PCO30', '2015-04-05 14:44:49', 'TI2015040550'),
(897, 2, 140, 'PCO34', '2015-04-05 14:44:56', 'TI2015040550'),
(898, 2, 160, 'PCO101', '2015-04-05 14:49:17', 'TI2015040551'),
(899, 1, 205, 'PCO97', '2015-04-05 14:50:17', 'TI2015040551'),
(900, 1, 195, 'PCO78', '2015-04-05 14:54:23', 'TI2015040551'),
(901, 1, 110, 'PCO6', '2015-04-05 15:56:23', 'TI2015040552'),
(902, 1, 85, 'PCO69', '2015-04-05 15:57:30', 'TI2015040552'),
(903, 1, 175, 'PCO86', '2015-04-05 15:58:54', 'TI2015040552'),
(904, 1, 75, 'P32', '2015-04-05 15:59:49', 'TI2015040552'),
(916, 20, 35, 'P25', '2015-04-07 20:09:50', 'TI2015040754'),
(919, 1, 110, 'PCO6', '2015-04-11 15:13:26', 'TI2015041155'),
(920, 1, 55, 'PCO67', '2015-04-11 15:13:59', 'TI2015041155'),
(921, 1, 175, 'PCO88', '2015-04-11 15:14:18', 'TI2015041155'),
(922, 1, 175, 'PCO89', '2015-04-11 15:14:24', 'TI2015041155'),
(923, 1, 75, 'P32', '2015-04-11 15:15:52', 'TI2015041155'),
(924, 1, 70, 'P37', '2015-04-11 15:15:58', 'TI2015041155'),
(925, 1, 21, 'EXTRA02', '2015-04-11 15:16:37', 'TI2015041155'),
(926, 1, 21, 'idChabacano', '2015-04-11 15:16:49', 'TI2015041155'),
(942, 1, 160, 'PCO74', '2015-04-13 13:46:06', 'TI2015041356'),
(943, 0, 85, 'PCO71', '2015-04-13 14:09:40', 'TI2015041357'),
(944, 0, 119, 'PCO114', '2015-04-13 14:12:54', 'TI2015041357'),
(945, 1, 160, 'PCO104', '2015-04-13 14:15:22', 'TI2015041357'),
(946, 1, 125, 'PCO169', '2015-04-13 14:29:13', 'TI2015041357'),
(949, 1, 160, 'PCO107', '2015-04-18 15:43:53', 'TI2015041858'),
(950, 1, 45, 'PCO13', '2015-04-18 15:44:40', 'TI2015041858'),
(951, 1, 115, 'PCO160', '2015-04-18 18:13:21', 'TI2015041859'),
(955, 2, 160, 'PCO103', '2015-04-18 18:32:05', 'TI2015041860'),
(956, 2, 33, 'PCO182', '2015-04-18 18:32:31', 'TI2015041860'),
(957, 2, 41, 'EXTRA03', '2015-04-18 18:43:13', 'TI2015041860'),
(968, 1, 140, 'PCO66', '2015-04-22 19:38:19', 'TI2015042261'),
(969, 1, 280, 'PCO110', '2015-04-22 19:38:35', 'TI2015042261'),
(973, 1, 45, 'PCO13', '2015-04-25 14:07:56', 'TI2015042562'),
(975, 1, 90, 'PCO31', '2015-04-25 14:08:48', 'TI2015042562'),
(976, 1, 140, 'PCO29', '2015-04-25 14:09:00', 'TI2015042562'),
(977, 1, 150, 'PCO33', '2015-04-25 14:09:40', 'TI2015042562'),
(978, 1, 125, 'PCO43', '2015-04-25 14:09:52', 'TI2015042562'),
(979, 1, 75, 'PCO45', '2015-04-25 14:10:34', 'TI2015042562'),
(980, 1, 55, 'PCO54', '2015-04-25 14:10:53', 'TI2015042562'),
(981, 1, 110, 'PCO58', '2015-04-25 14:11:07', 'TI2015042562'),
(982, 1, 150, 'PCO59', '2015-04-25 14:11:54', 'TI2015042562'),
(983, 1, 85, 'PCO63', '2015-04-25 14:12:23', 'TI2015042562'),
(985, 1, 185, 'PCO80', '2015-04-25 14:13:13', 'TI2015042562'),
(986, 1, 215, 'PCO82', '2015-04-25 14:13:37', 'TI2015042562'),
(987, 1, 160, 'PCO101', '2015-04-25 14:14:32', 'TI2015042562'),
(996, 1, 125, 'PCO43', '2015-04-25 20:35:44', 'TI2015042563'),
(997, 1, 90, 'PCO31', '2015-04-25 20:36:14', 'TI2015042563'),
(998, 1, 150, 'PCO33', '2015-04-25 20:36:42', 'TI2015042563'),
(999, 2, 17, 'PCO22', '2015-04-25 20:37:52', 'TI2015042563'),
(1000, 1, 160, 'PCO81', '2015-04-25 20:38:49', 'TI2015042563'),
(1001, 1, 99, 'PCO113', '2015-04-25 20:40:04', 'TI2015042563'),
(1002, 1, 160, 'PCO103', '2015-04-26 14:28:40', 'TI2015042664'),
(1003, 1, 140, 'PCO70', '2015-04-26 14:31:19', 'TI2015042664'),
(1004, 1, 70, 'PCO44', '2015-04-26 19:23:46', 'TI2015042665'),
(1005, 1, 255, 'PCO120', '2015-04-26 19:25:54', 'TI2015042665'),
(1006, 1, 50, 'PCO144', '2015-04-26 19:26:18', 'TI2015042665'),
(1007, 1, 85, 'PCO65', '2015-04-26 19:27:38', 'TI2015042665'),
(1008, 1, 175, 'PCO86', '2015-04-26 19:29:47', 'TI2015042665'),
(1009, 1, 160, 'PCO101', '2015-04-26 19:31:30', 'TI2015042665'),
(1010, 1, 140, 'PCO66', '2015-04-26 19:31:48', 'TI2015042665'),
(1015, 1, 85, 'PCO65', '2015-04-29 20:18:53', 'TI2015042966'),
(1016, 1, 115, 'PCO156', '2015-04-29 20:19:42', 'TI2015042966'),
(1017, 1, 195, 'PCO76', '2015-05-01 15:30:56', 'TI2015050167'),
(1018, 1, 175, 'PCO86', '2015-05-01 15:31:46', 'TI2015050167'),
(1019, 2, 55, 'PCO52', '2015-05-01 15:32:08', 'TI2015050167'),
(1020, 1, 195, 'PCO76', '2015-05-03 16:03:07', 'TI2015050368'),
(1021, 1, 55, 'PCO51', '2015-05-03 16:05:30', 'TI2015050368'),
(1022, 1, 160, 'PCO107', '2015-05-04 14:42:07', 'TI2015050469'),
(1023, 1, 45, 'PCO13', '2015-05-04 14:42:26', 'TI2015050469'),
(1024, 1, 140, 'PCO70', '2015-05-04 14:52:45', 'TI2015050470'),
(1025, 1, 70, 'PCO50', '2015-05-04 14:53:39', 'TI2015050470'),
(1058, 2, 110, 'PCO5', '2015-05-09 14:17:24', 'TI2015050971'),
(1059, 1, 110, 'PCO6', '2015-05-09 14:17:34', 'TI2015050971'),
(1060, 1, 110, 'PCO7', '2015-05-09 14:17:38', 'TI2015050971'),
(1061, 2, 78, 'PCO8', '2015-05-09 14:17:42', 'TI2015050971'),
(1062, 1, 140, 'PCO34', '2015-05-09 14:18:07', 'TI2015050971'),
(1063, 2, 115, 'PCO41', '2015-05-09 14:18:32', 'TI2015050971'),
(1064, 1, 115, 'PCO48', '2015-05-09 14:18:50', 'TI2015050971'),
(1065, 2, 100, 'PCO68', '2015-05-09 14:19:16', 'TI2015050971'),
(1066, 2, 85, 'PCO69', '2015-05-09 14:19:25', 'TI2015050971'),
(1067, 1, 140, 'PCO70', '2015-05-09 14:19:36', 'TI2015050971'),
(1068, 1, 195, 'PCO78', '2015-05-09 14:19:53', 'TI2015050971'),
(1069, 1, 160, 'PCO74', '2015-05-09 14:19:59', 'TI2015050971'),
(1070, 1, 175, 'PCO87', '2015-05-09 14:20:58', 'TI2015050971'),
(1071, 2, 195, 'PCO92', '2015-05-09 14:21:12', 'TI2015050971'),
(1072, 1, 205, 'PCO94', '2015-05-09 14:21:23', 'TI2015050971'),
(1073, 1, 205, 'PCO95', '2015-05-09 14:21:43', 'TI2015050971'),
(1074, 1, 75, 'P34', '2015-05-09 14:22:54', 'TI2015050971'),
(1075, 1, 45, 'PCO11', '2015-05-09 14:39:55', 'TI2015050972'),
(1076, 1, 160, 'PCO107', '2015-05-09 14:40:14', 'TI2015050972'),
(1080, 1, 160, 'PCO101', '2015-05-10 15:39:38', 'TI2015051073'),
(1081, 1, 160, 'PCO105', '2015-05-10 15:39:47', 'TI2015051073'),
(1089, 1, 160, 'PCO107', '2015-05-17 13:46:35', 'TI2015051774'),
(1090, 1, 45, 'PCO13', '2015-05-17 13:47:47', 'TI2015051774'),
(1091, 1, 119, 'PCO115', '2015-05-17 13:48:08', 'TI2015051774'),
(1101, 5, 140, 'PCO34', '2015-05-21 15:54:45', 'TI2015052176'),
(1102, 1, 160, 'PCO101', '2015-05-21 15:55:03', 'TI2015052176'),
(1103, 1, 280, 'PCO110', '2015-05-21 15:55:27', 'TI2015052176'),
(1104, 1, 280, 'PCO109', '2015-05-21 15:55:34', 'TI2015052176'),
(1105, 1, 115, 'PCO41', '2015-05-21 15:55:54', 'TI2015052176'),
(1106, 2, 85, 'PCO63', '2015-05-21 15:56:19', 'TI2015052176'),
(1107, 2, 85, 'PCO65', '2015-05-21 15:56:30', 'TI2015052176'),
(1108, 1, 215, 'PCO82', '2015-05-21 15:56:47', 'TI2015052176'),
(1109, 1, 205, 'PCO99', '2015-05-21 15:57:15', 'TI2015052176'),
(1110, 1, 125, 'PCO43', '2015-05-21 15:57:36', 'TI2015052176'),
(1111, 2, 85, 'PCO69', '2015-05-21 15:57:59', 'TI2015052176'),
(1112, 1, 41, 'EXTRA03', '2015-05-21 15:58:46', 'TI2015052176'),
(1113, 1, 110, 'PCO6', '2015-05-22 14:21:40', 'TI2015052277'),
(1114, 1, 150, 'PCO32', '2015-05-22 14:23:33', 'TI2015052277'),
(1115, 2, 115, 'PCO41', '2015-05-22 14:26:57', 'TI2015052277'),
(1116, 1, 140, 'PCO66', '2015-05-22 14:29:24', 'TI2015052277'),
(1117, 1, 175, 'PCO87', '2015-05-22 14:30:04', 'TI2015052277'),
(1118, 1, 160, 'PCO104', '2015-05-22 14:31:23', 'TI2015052277'),
(1119, 1, 205, 'PCO95', '2015-05-22 14:32:34', 'TI2015052277'),
(1120, 2, 70, 'PCO50', '2015-05-24 14:04:54', 'TI2015052478'),
(1121, 1, 85, 'PCO65', '2015-05-24 14:05:56', 'TI2015052479'),
(1122, 1, 140, 'PCO66', '2015-05-24 14:06:04', 'TI2015052479'),
(1123, 1, 100, 'PCO68', '2015-05-24 14:06:04', 'TI2015052478'),
(1124, 2, 160, 'PCO101', '2015-05-24 14:06:58', 'TI2015052479'),
(1125, 1, 160, 'PCO107', '2015-05-24 14:07:12', 'TI2015052478'),
(1126, 1, 205, 'PCO95', '2015-05-24 14:07:37', 'TI2015052479'),
(1127, 1, 160, 'PCO77', '2015-05-24 14:08:11', 'TI2015052479'),
(1128, 1, 205, 'PCO99', '2015-05-24 14:08:26', 'TI2015052478'),
(1129, 1, 115, 'PCO155', '2015-05-24 14:10:27', 'TI2015052479'),
(1130, 1, 125, 'PCO43', '2015-05-24 15:13:09', 'TI2015052480'),
(1131, 1, 140, 'PCO70', '2015-05-24 15:13:25', 'TI2015052480'),
(1132, 1, 160, 'PCO81', '2015-05-24 15:13:35', 'TI2015052480'),
(1133, 1, 160, 'PCO101', '2015-05-24 15:13:47', 'TI2015052480'),
(1134, 1, 185, 'PCO148', '2015-05-24 15:14:07', 'TI2015052480'),
(1146, 1, 85, 'PCO69', '2015-05-24 20:25:04', 'TI2015052481'),
(1147, 2, 25, 'PCO135', '2015-05-24 20:26:26', 'TI2015052481'),
(1148, 1, 160, 'PCO107', '2015-05-26 21:22:12', 'TI2015052682'),
(1149, 1, 45, 'PCO13', '2015-05-26 21:22:23', 'TI2015052682'),
(1150, 1, 119, 'PCO115', '2015-05-26 21:22:38', 'TI2015052682'),
(1178, 1, 160, 'PCO101', '2015-05-31 19:40:43', 'TI2015053183'),
(1179, 1, 280, 'PCO109', '2015-05-31 19:40:58', 'TI2015053183'),
(1180, 1, 55, 'PCO67', '2015-05-31 19:42:53', 'TI2015053183'),
(1181, 1, 78, 'PCO8', '2015-06-02 17:52:22', 'TI2015060284'),
(1182, 1, 45, 'PCO13', '2015-06-02 17:52:37', 'TI2015060284'),
(1183, 2, 68, 'PCO4', '2015-06-02 17:53:04', 'TI2015060284'),
(1184, 1, 125, 'PCO43', '2015-06-02 17:53:25', 'TI2015060284'),
(1185, 1, 140, 'PCO70', '2015-06-02 17:53:56', 'TI2015060284'),
(1186, 1, 195, 'PCO78', '2015-06-02 17:54:05', 'TI2015060284'),
(1187, 1, 205, 'PCO79', '2015-06-02 17:54:18', 'TI2015060284'),
(1188, 1, 175, 'PCO90', '2015-06-02 17:55:34', 'TI2015060284'),
(1189, 1, 160, 'PCO107', '2015-06-04 14:32:01', 'TI2015060485'),
(1190, 1, 45, 'PCO13', '2015-06-04 14:32:11', 'TI2015060485'),
(1194, 1, 85, 'PCO69', '2015-06-06 18:18:37', 'TI2015060687'),
(1195, 2, 25, 'PCO135', '2015-06-06 18:19:09', 'TI2015060687'),
(1196, 1, 120, 'PCO167', '2015-06-06 19:21:48', 'TI2015060688'),
(1197, 1, 160, 'PCO101', '2015-06-06 19:22:56', 'TI2015060688'),
(1198, 1, 85, 'PCO69', '2015-06-06 19:30:40', 'TI2015060689'),
(1199, 1, 70, 'PCO44', '2015-06-06 19:33:48', 'TI2015060689'),
(1200, 2, 25, 'PCO135', '2015-06-06 19:34:12', 'TI2015060689'),
(1235, 1, 195, 'PCO76', '2015-06-13 15:07:35', 'TI2015061395'),
(1236, 1, 175, 'PCO85', '2015-06-13 15:09:55', 'TI2015061395'),
(1237, 1, 45, 'PCO20', '2015-06-13 15:11:54', 'TI2015061395'),
(1238, 1, 78, 'PCO3', '2015-06-13 15:12:35', 'TI2015061395'),
(1239, 1, 175, 'PCO90', '2015-06-13 15:13:20', 'TI2015061395'),
(1240, 1, 205, 'PCO95', '2015-06-13 15:14:12', 'TI2015061395'),
(1241, 1, 35, 'P24', '2015-06-13 15:15:46', 'TI2015061395'),
(1242, 1, 35, 'P28', '2015-06-13 15:15:55', 'TI2015061395'),
(1243, 2, 21, 'EXTRA02', '2015-06-13 15:16:14', 'TI2015061395'),
(1244, 1, 45, 'PCO13', '2015-06-13 20:59:29', 'TI2015061396'),
(1245, 1, 45, 'PCO25', '2015-06-13 21:00:15', 'TI2015061396'),
(1246, 1, 78, 'PCO3', '2015-06-13 21:00:32', 'TI2015061396'),
(1247, 1, 110, 'PCO9', '2015-06-13 21:00:46', 'TI2015061396'),
(1248, 1, 45, 'PCO23', '2015-06-13 21:02:08', 'TI2015061396'),
(1249, 1, 70, 'PCO53', '2015-06-13 21:02:26', 'TI2015061396'),
(1255, 1, 120, 'PCO167', '2015-06-14 17:56:49', 'TI2015061497'),
(1256, 1, 115, 'PCO160', '2015-06-14 17:59:14', 'TI2015061497'),
(1260, 1, 185, 'PCO148', '2015-06-14 20:02:17', 'TI2015061498'),
(1261, 1, 125, 'PCO43', '2015-06-14 20:04:38', 'TI2015061498'),
(1262, 1, 45, 'PCO27', '2015-06-16 13:58:48', 'TI2015061699'),
(1263, 2, 100, 'PCO68', '2015-06-16 14:01:16', 'TI2015061699'),
(1264, 1, 55, 'PCO67', '2015-06-16 14:01:18', 'TI2015061699'),
(1269, 1, 120, 'PCO167', '2015-06-19 20:18:13', 'TI20150619100'),
(1270, 1, 130, 'PCO83', '2015-06-19 20:18:55', 'TI20150619100'),
(1271, 1, 160, 'PCO103', '2015-06-20 15:46:25', 'TI20150620101'),
(1272, 1, 85, 'PCO69', '2015-06-20 15:48:01', 'TI20150620101'),
(1273, 1, 130, 'PCO158', '2015-06-20 15:49:50', 'TI20150620101'),
(1274, 1, 140, 'PCO70', '2015-06-20 16:26:59', 'TI20150620102'),
(1275, 1, 160, 'PCO101', '2015-06-20 16:27:56', 'TI20150620102'),
(1276, 1, 65, 'idUnaguiAUX', '2015-06-20 16:28:54', 'TI20150620102'),
(1277, 1, 110, 'PCO163', '2015-06-20 16:29:28', 'TI20150620102'),
(1285, 1, 80, 'PCO149', '2015-06-21 14:24:19', 'TI20150621103'),
(1286, 1, 115, 'PCO156', '2015-06-21 14:24:41', 'TI20150621103'),
(1287, 1, 125, 'PCO169', '2015-06-21 14:25:48', 'TI20150621103'),
(1290, 2, 55, 'PCO51', '2015-06-21 14:26:27', 'TI20150621103'),
(1300, 1, 150, 'PCO59', '2015-06-24 13:47:15', 'TI20150624104'),
(1301, 1, 125, 'PCO61', '2015-06-24 13:47:26', 'TI20150624104'),
(1302, 1, 55, 'PCO51', '2015-06-24 13:47:52', 'TI20150624104'),
(1303, 1, 140, 'PCO66', '2015-06-24 13:48:41', 'TI20150624104'),
(1304, 1, 205, 'PCO99', '2015-06-24 13:50:01', 'TI20150624104'),
(1305, 1, 95, 'P31', '2015-06-24 13:50:22', 'TI20150624104'),
(1306, 1, 65, 'P36', '2015-06-24 13:50:33', 'TI20150624104'),
(1307, 2, 21, 'EXTRA06', '2015-06-24 13:51:06', 'TI20150624104'),
(1308, 3, 21, 'idChabacano', '2015-06-24 13:51:20', 'TI20150624104'),
(1309, 1, 130, 'PCO171', '2015-06-24 13:53:14', 'TI20150624104'),
(1317, 1, 45, 'PCO20', '2015-06-27 14:03:26', 'TI20150627105'),
(1318, 1, 110, 'PCO7', '2015-06-27 14:03:53', 'TI20150627105'),
(1319, 1, 110, 'PCO9', '2015-06-27 14:04:15', 'TI20150627105'),
(1320, 1, 140, 'PCO34', '2015-06-27 14:04:38', 'TI20150627105'),
(1321, 1, 85, 'PCO65', '2015-06-27 14:04:52', 'TI20150627105'),
(1322, 1, 160, 'PCO104', '2015-06-27 14:05:05', 'TI20150627105'),
(1323, 1, 160, 'PCO106', '2015-06-27 14:06:09', 'TI20150627105'),
(1324, 2, 21, 'EXTRA02', '2015-06-27 14:06:40', 'TI20150627105'),
(1339, 1, 125, 'PCO43', '2015-07-02 20:00:55', 'TI20150702106'),
(1340, 1, 140, 'PCO70', '2015-07-02 20:01:14', 'TI20150702106'),
(1341, 1, 160, 'PCO101', '2015-07-02 20:01:31', 'TI20150702106'),
(1342, 1, 110, 'PCO163', '2015-07-02 20:01:50', 'TI20150702106'),
(1370, 4, 70, 'PCO49', '2015-07-05 17:01:54', 'TI20150705107'),
(1371, 1, 160, 'PCO77', '2015-07-05 17:02:12', 'TI20150705107'),
(1372, 2, 115, 'PCO41', '2015-07-05 17:02:44', 'TI20150705107'),
(1373, 1, 125, 'PCO43', '2015-07-05 17:02:53', 'TI20150705107'),
(1374, 8, 17, 'PCO18', '2015-07-05 17:03:29', 'TI20150705107'),
(1375, 1, 140, 'PCO34', '2015-07-05 17:04:35', 'TI20150705107'),
(1376, 1, 495, 'PCO108', '2015-07-05 17:05:26', 'TI20150705107'),
(1384, 2, 78, 'PCO2', '2015-07-12 14:10:39', 'TI20150712108'),
(1385, 1, 78, 'PCO2', '2015-07-12 14:11:37', 'TI20150712108'),
(1386, 1, 45, 'PCO17', '2015-07-12 14:12:15', 'TI20150712108'),
(1387, 2, 140, 'PCO29', '2015-07-12 14:12:46', 'TI20150712108'),
(1388, 1, 105, 'PCO35', '2015-07-12 14:12:59', 'TI20150712108'),
(1389, 1, 105, 'PCO39', '2015-07-12 14:13:19', 'TI20150712108'),
(1390, 1, 115, 'PCO41', '2015-07-12 14:13:32', 'TI20150712108'),
(1391, 1, 75, 'PCO45', '2015-07-12 14:14:11', 'TI20150712108'),
(1392, 1, 55, 'PCO54', '2015-07-12 14:14:51', 'TI20150712108'),
(1393, 1, 110, 'PCO58', '2015-07-12 14:15:01', 'TI20150712108'),
(1394, 1, 140, 'PCO66', '2015-07-12 14:16:04', 'TI20150712108'),
(1395, 1, 185, 'PCO80', '2015-07-12 14:16:45', 'TI20150712108'),
(1396, 1, 205, 'PCO100', '2015-07-12 14:18:09', 'TI20150712108'),
(1397, 1, 160, 'PCO104', '2015-07-12 14:19:02', 'TI20150712108'),
(1398, 1, 160, 'PCO103', '2015-07-12 14:19:12', 'TI20150712108'),
(1399, 1, 495, 'PCO108', '2015-07-12 14:19:27', 'TI20150712108'),
(1404, 1, 160, 'PCO107', '2015-07-15 15:22:38', 'TI20150715109'),
(1405, 1, 45, 'PCO13', '2015-07-15 15:22:50', 'TI20150715109'),
(1409, 1, 85, 'PCO69', '2015-07-17 17:23:22', 'TI20150717110'),
(1410, 1, 125, 'PCO168', '2015-07-17 17:23:43', 'TI20150717110'),
(1411, 1, 140, 'PCO70', '2015-07-17 21:08:24', 'TI20150717111'),
(1412, 1, 125, 'PCO43', '2015-07-17 21:08:59', 'TI20150717111'),
(1413, 1, 160, 'PCO101', '2015-07-17 21:09:18', 'TI20150717111'),
(1414, 1, 110, 'PCO6', '2015-07-18 14:17:55', 'TI20150718112'),
(1415, 2, 100, 'PCO68', '2015-07-18 14:19:57', 'TI20150718112'),
(1416, 2, 205, 'PCO95', '2015-07-18 14:20:55', 'TI20150718112'),
(1417, 1, 160, 'PCO103', '2015-07-18 14:21:36', 'TI20150718112'),
(1418, 1, 195, 'PCO96', '2015-07-18 14:22:37', 'TI20150718112'),
(1419, 2, 68, 'PCO4', '2015-07-18 14:23:51', 'TI20150718112'),
(1427, 1, 140, 'PCO64', '2015-07-20 15:42:06', 'TI20150720113'),
(1428, 1, 115, 'PCO161', '2015-07-20 15:44:15', 'TI20150720113'),
(1429, 2, 85, 'PCO65', '2015-07-21 14:33:43', 'TI20150721114'),
(1430, 1, 160, 'PCO101', '2015-07-21 14:34:36', 'TI20150721114'),
(1433, 1, 160, 'PCO105', '2015-07-22 20:28:21', 'TI20150722115'),
(1434, 1, 160, 'PCO101', '2015-07-22 20:28:45', 'TI20150722115'),
(1435, 1, 41, 'EXTRA03', '2015-07-22 20:35:46', 'TI20150722115'),
(1436, 1, 90, 'PCO31', '2015-07-22 20:36:38', 'TI20150722115'),
(1437, 1, 70, 'P40', '2015-07-22 20:37:20', 'TI20150722115'),
(1438, 1, 75, 'PCO45', '2015-07-25 14:56:06', 'TI20150725116'),
(1439, 1, 25, 'PCO135', '2015-07-25 15:02:17', 'TI20150725116'),
(1440, 1, 195, 'PCO76', '2015-07-25 15:03:20', 'TI20150725116'),
(1441, 1, 140, 'PCO66', '2015-07-25 16:31:00', 'TI20150725117'),
(1442, 1, 160, 'PCO77', '2015-07-25 16:31:11', 'TI20150725117'),
(1444, 1, 70, 'PCO44', '2015-07-25 16:32:04', 'TI20150725117'),
(1447, 1, 120, 'PCO167', '2015-07-25 16:37:39', 'TI20150725117'),
(1459, 1, 99, 'PCO112', '2015-07-31 15:24:56', 'TI20150731118'),
(1460, 1, 115, 'PCO155', '2015-07-31 15:25:12', 'TI20150731118'),
(1461, 1, 125, 'PCO168', '2015-07-31 15:25:29', 'TI20150731118'),
(1462, 2, 70, 'PCO50', '2015-07-31 15:25:48', 'TI20150731118'),
(1468, 1, 110, 'PCO6', '2015-07-31 17:27:18', 'TI20150731119'),
(1469, 1, 140, 'PCO34', '2015-07-31 17:28:00', 'TI20150731119'),
(1470, 1, 140, 'PCO66', '2015-07-31 17:28:26', 'TI20150731119'),
(1471, 2, 120, 'PCO167', '2015-07-31 17:28:45', 'TI20150731119'),
(1472, 1, 55, 'PCO51', '2015-07-31 17:37:21', 'TI20150731119'),
(1477, 1, 140, 'PCO34', '2015-08-02 18:15:48', 'TI20150802120'),
(1478, 1, 160, 'PCO101', '2015-08-02 18:16:16', 'TI20150802120'),
(1479, 1, 85, 'PCO65', '2015-08-02 18:17:06', 'TI20150802120'),
(1480, 1, 70, 'PCO44', '2015-08-02 18:17:58', 'TI20150802120'),
(1481, 1, 85, 'PCO69', '2015-08-03 15:30:40', 'TI20150803121'),
(1482, 1, 33, 'PCO73', '2015-08-03 15:33:10', 'TI20150803121'),
(1483, 1, 55, 'PCO54', '2015-08-03 15:33:56', 'TI20150803121'),
(1484, 1, 195, 'PCO76', '2015-08-03 15:35:10', 'TI20150803121'),
(1485, 1, 70, 'PCO55', '2015-08-03 15:36:33', 'TI20150803121'),
(1486, 1, 160, 'PCO102', '2015-08-03 15:41:52', 'TI20150803121'),
(1492, 1, 140, 'PCO64', '2015-08-05 13:33:52', 'TI20150805123'),
(1493, 1, 125, 'PCO168', '2015-08-05 13:34:46', 'TI20150805123'),
(1494, 1, 140, 'PCO64', '2015-08-07 20:01:42', 'TI20150807124'),
(1495, 0, 140, 'PCO66', '2015-08-07 20:01:48', 'TI20150807124'),
(1496, 1, 140, 'PCO66', '2015-08-07 20:02:08', 'TI20150807124'),
(1497, 1, 140, 'PCO29', '2015-08-07 20:02:39', 'TI20150807124'),
(1521, 1, 55, 'PCO52', '2015-08-12 13:48:15', 'TI20150812131'),
(1522, 1, 160, 'PCO104', '2015-08-12 13:48:53', 'TI20150812131'),
(1523, 1, 175, 'PCO84', '2015-08-12 13:49:04', 'TI20150812131'),
(1524, 1, 110, 'PCO58', '2015-08-12 13:49:29', 'TI20150812131'),
(1541, 1, 140, 'PCO64', '2015-08-13 16:11:09', 'TI20150813110'),
(1542, 1, 85, 'PCO65', '2015-08-13 16:11:10', 'TI20150813110'),
(1543, 1, 490, 'P10', '2015-08-14 13:54:15', 'TI20150814111'),
(1544, 1, 370, 'P20', '2015-08-14 13:56:46', 'TI20150814112'),
(1545, 1, 370, 'P20', '2015-08-14 13:57:09', 'TI20150814112'),
(1546, 2, 150, 'PCO59', '2015-08-14 17:07:26', 'TI20150814113'),
(1547, 2, 115, 'PCO28', '2015-08-14 17:14:54', 'TI20150814114'),
(1548, 1, 160, 'PCO104', '2015-08-15 16:29:52', 'TI20150815115'),
(1549, 1, 160, 'PCO77', '2015-08-15 16:30:04', 'TI20150815115'),
(1550, 1, 125, 'PCO43', '2015-08-16 14:23:19', 'TI20150816116'),
(1551, 1, 130, 'PCO83', '2015-08-16 14:30:08', 'TI20150816116'),
(1552, 1, 33, 'PCO181', '2015-08-16 14:31:04', 'TI20150816116'),
(1553, 1, 21, 'EXTRA05', '2015-08-16 14:32:27', 'TI20150816116'),
(1554, 1, 100, 'PCO68', '2015-08-16 15:09:04', '187.188.66.246'),
(1555, 1, 140, 'PCO66', '2015-08-16 15:09:21', '187.188.66.246'),
(1556, 1, 110, 'PCO58', '2015-08-16 15:11:01', '187.188.66.246'),
(1557, 1, 175, 'PCO88', '2015-08-16 15:15:33', '187.188.66.246'),
(1558, 1, 160, 'PCO101', '2015-08-17 21:04:04', '8.28.16.254'),
(1559, 1, 160, 'PCO101', '2015-08-17 21:04:05', 'TI20150817117'),
(1560, 1, 140, 'PCO66', '2015-08-17 21:04:09', '8.28.16.254'),
(1561, 1, 140, 'PCO66', '2015-08-17 21:04:10', 'TI20150817117'),
(1562, 1, 21, 'idDragon', '2015-08-17 21:04:57', '8.28.16.254'),
(1563, 1, 21, 'idDragon', '2015-08-17 21:04:57', 'TI20150817117'),
(1564, 0, 115, 'PCO41', '2015-08-19 15:39:57', '187.233.9.44'),
(1565, 0, 110, 'PCO58', '2015-08-19 15:40:54', '187.233.9.44'),
(1566, 0, 140, 'PCO66', '2015-08-19 15:41:21', '187.233.9.44'),
(1567, 0, 215, 'PCO82', '2015-08-19 15:41:47', '187.233.9.44'),
(1568, 0, 205, 'PCO100', '2015-08-19 15:42:15', '187.233.9.44'),
(1569, 0, 115, 'PCO41', '2015-08-19 16:25:02', '104.236.210.214'),
(1570, 0, 110, 'PCO58', '2015-08-19 16:25:14', '104.236.210.214'),
(1571, 1, 70, 'PCO55', '2015-08-19 16:25:25', '104.236.210.214'),
(1572, 1, 150, 'PCO59', '2015-08-19 16:25:45', '104.236.210.214'),
(1573, 1, 140, 'PCO66', '2015-08-19 16:25:51', '104.236.210.214'),
(1574, 0, 215, 'PCO82', '2015-08-19 16:26:01', '104.236.210.214'),
(1575, 1, 205, 'PCO100', '2015-08-19 16:26:14', '104.236.210.214'),
(1576, 0, 90, 'PCO152', '2015-08-19 16:29:38', '104.236.210.214'),
(1577, 0, 205, 'PCO100', '2015-08-19 18:53:06', '187.233.9.44'),
(1578, 0, 150, 'PCO59', '2015-08-19 18:53:30', '187.233.9.44'),
(1579, 1, 115, 'PCO41', '2015-08-19 18:55:42', '187.233.9.44'),
(1580, 1, 110, 'PCO58', '2015-08-19 19:11:05', '187.233.9.44'),
(1581, 0, 150, 'PCO59', '2015-08-19 19:11:10', '187.233.9.44'),
(1582, 0, 140, 'PCO66', '2015-08-19 19:11:15', '187.233.9.44'),
(1583, 0, 205, 'PCO100', '2015-08-19 19:11:24', '187.233.9.44'),
(1584, 1, 115, 'PCO41', '2015-08-19 19:30:41', '104.131.66.8'),
(1585, 1, 205, 'PCO100', '2015-08-19 19:32:55', '104.131.66.8'),
(1586, 1, 140, 'PCO66', '2015-08-19 19:33:02', '104.131.66.8'),
(1587, 1, 150, 'PCO59', '2015-08-19 19:33:24', '104.131.66.8'),
(1588, 1, 110, 'PCO58', '2015-08-19 19:33:32', '104.131.66.8'),
(1589, 1, 115, 'PCO41', '2015-08-19 19:43:36', 'TI20150819118'),
(1590, 1, 110, 'PCO58', '2015-08-19 19:43:44', 'TI20150819118'),
(1591, 1, 150, 'PCO59', '2015-08-19 19:43:48', 'TI20150819118'),
(1592, 1, 140, 'PCO66', '2015-08-19 19:43:51', 'TI20150819118'),
(1593, 1, 205, 'PCO100', '2015-08-19 19:43:56', 'TI20150819118'),
(1594, 1, 55, 'PCO67', '2015-08-21 16:36:38', '201.151.83.73'),
(1595, 1, 115, 'PCO41', '2015-08-21 16:37:06', '201.151.83.73'),
(1596, 1, 125, 'PCO61', '2015-08-21 16:37:49', '201.151.83.73'),
(1597, 1, 160, 'PCO101', '2015-08-21 19:37:37', 'TI20150821119'),
(1599, 1, 140, 'PCO34', '2015-08-21 19:38:49', 'TI20150821119'),
(1600, 1, 85, 'PCO69', '2015-08-21 19:40:20', 'TI20150821119'),
(1601, 1, 160, 'PCO105', '2015-08-21 21:04:56', 'TI20150821120'),
(1602, 2, 70, 'PCO44', '2015-08-21 21:13:42', 'TI20150821120'),
(1603, 1, 110, 'PCO154', '2015-08-21 21:21:06', 'TI20150821120'),
(1604, 1, 45, 'PCO13', '2015-08-22 17:49:45', 'TI20150822121'),
(1605, 1, 45, 'PCO25', '2015-08-22 17:50:05', 'TI20150822121'),
(1606, 1, 78, 'PCO3', '2015-08-22 17:50:40', 'TI20150822121'),
(1607, 1, 205, 'PCO95', '2015-08-22 17:52:46', 'TI20150822121'),
(1608, 1, 160, 'PCO105', '2015-08-22 17:53:16', 'TI20150822121'),
(1609, 1, 110, 'PCO163', '2015-08-22 17:56:16', 'TI20150822121'),
(1610, 1, 150, 'PCO59', '2015-08-22 20:45:20', '201.141.218.5'),
(1611, 1, 160, 'PCO102', '2015-08-22 20:46:11', '201.141.218.5'),
(1612, 1, 160, 'PCO107', '2015-08-22 20:46:23', '201.141.218.5'),
(1613, 1, 119, 'PCO114', '2015-08-22 20:47:03', '201.141.218.5'),
(1614, 1, 115, 'PCO156', '2015-08-22 20:48:29', '201.141.218.5'),
(1615, 1, 140, 'PCO29', '2015-08-23 14:40:30', 'TI20150823122'),
(1616, 1, 100, 'PCO68', '2015-08-23 14:41:40', 'TI20150823122'),
(1617, 1, 160, 'PCO101', '2015-08-23 14:42:36', 'TI20150823122'),
(1618, 1, 160, 'PCO107', '2015-08-23 14:45:40', 'TI20150823122'),
(1619, 1, 125, 'PCO61', '2015-08-23 14:47:44', 'TI20150823122'),
(1620, 1, 160, 'PCO77', '2015-08-23 14:48:17', 'TI20150823122'),
(1621, 1, 195, 'PCO76', '2015-08-23 14:55:23', '189.205.141.27'),
(1622, 1, 160, 'PCO101', '2015-08-23 14:56:37', '189.205.141.27'),
(1623, 1, 100, 'PCO68', '2015-08-23 14:57:08', '189.205.141.27'),
(1624, 1, 140, 'PCO29', '2015-08-23 14:58:33', '189.205.141.27'),
(1625, 1, 110, 'PCO6', '2015-08-23 16:45:34', '201.114.133.98'),
(1626, 1, 130, 'PCO172', '2015-08-23 16:48:03', '201.114.133.98'),
(1627, 1, 110, 'PCO154', '2015-08-23 16:54:40', '201.114.133.98'),
(1628, 1, 140, 'PCO66', '2015-08-23 16:55:42', '201.114.133.98'),
(1629, 1, 110, 'PCO6', '2015-08-23 16:57:18', '201.114.133.98'),
(1630, 1, 75, 'PCO45', '2015-08-23 17:24:02', '187.189.164.68'),
(1631, 1, 60, 'PCO126AUX', '2015-08-23 17:45:54', '187.189.164.68'),
(1632, 1, 140, 'PCO34', '2015-08-23 17:53:45', '187.189.164.68'),
(1633, 1, 115, 'PCO155', '2015-08-24 18:43:11', 'TI20150830126'),
(1634, 1, 140, 'PCO66', '2015-08-24 18:44:47', 'TI20150830126'),
(1635, 1, 205, 'PCO100', '2015-08-24 18:46:47', 'TI20150830126'),
(1636, 1, 110, 'PCO58', '2015-08-24 18:47:36', 'TI20150830126'),
(1637, 1, 140, 'PCO29', '2015-08-30 14:09:24', '201.141.23.73'),
(1638, 1, 125, 'PCO169', '2015-08-30 14:15:51', 'TI20150830123'),
(1639, 1, 160, 'PCO104', '2015-08-30 14:16:41', 'TI20150830123'),
(1640, 1, 160, 'PCO101', '2015-08-30 14:45:48', 'TI20150830124'),
(1641, 1, 45, 'PCO17', '2015-08-30 15:29:26', 'TI20150830125'),
(1642, 1, 140, 'PCO64', '2015-08-30 15:31:53', 'TI20150830125'),
(1643, 1, 29, 'PCO189', '2015-08-30 15:33:23', 'TI20150830125'),
(1644, 1, 48, 'idperrier', '2015-08-30 15:33:25', 'TI20150830125'),
(1645, 1, 130, 'PCO158', '2015-08-30 18:57:27', 'TI20150830126'),
(1646, 1, 37, '2pro', '2015-08-30 18:57:42', 'TI20150830126'),
(1647, 1, 110, 'PCO58', '2015-08-31 17:04:28', 'TI20150831127'),
(1648, 1, 78, 'PCO2', '2015-08-31 17:08:19', 'TI20150831127'),
(1649, 1, 17, 'PCO22', '2015-08-31 17:08:25', 'TI20150831127'),
(1650, 1, 39, 'PCO178', '2015-08-31 17:08:59', 'TI20150831127'),
(1651, 2, 29, 'PCO189', '2015-08-31 17:09:50', 'TI20150831127'),
(1652, 1, 48, 'idperrier', '2015-08-31 17:09:53', 'TI20150831127'),
(1653, 1, 99, 'PCO112', '2015-09-01 17:02:17', 'TI20150901128'),
(1654, 1, 115, 'PCO156', '2015-09-01 17:05:13', 'TI20150901128'),
(1655, 1, 21, 'EXTRA05', '2015-09-01 17:07:00', 'TI20150901128'),
(1656, 1, 130, 'PCO171', '2015-09-01 17:13:47', '189.208.70.82'),
(1657, 1, 17, 'PCO22', '2015-09-05 16:40:15', 'TI20150905129'),
(1658, 1, 17, 'PCO12', '2015-09-05 16:40:23', 'TI20150905129'),
(1659, 1, 70, 'PCO50', '2015-09-05 16:41:49', 'TI20150905129'),
(1660, 1, 195, 'PCO75', '2015-09-05 16:46:42', 'TI20150905129'),
(1661, 1, 39, 'PCO178', '2015-09-05 16:47:26', 'TI20150905129'),
(1662, 1, 125, 'PCO170', '2015-09-06 17:09:13', '66.102.7.243'),
(1663, 1, 175, 'PCO175', '2015-09-06 17:10:06', '66.102.7.243'),
(1664, 1, 70, 'PCO49', '2015-09-06 17:11:17', '66.102.7.236'),
(1665, 1, 70, 'PCO50', '2015-09-06 17:11:45', '66.102.7.250'),
(1666, 1, 115, 'PCO28', '2015-09-06 17:12:12', '66.102.7.243'),
(1667, 1, 70, 'PCO49', '2015-09-06 17:13:32', '66.102.7.250'),
(1668, 1, 70, 'PCO50', '2015-09-06 17:13:42', '66.102.7.236'),
(1669, 1, 125, 'PCO170', '2015-09-06 17:14:44', '66.102.7.236'),
(1670, 1, 175, 'PCO175', '2015-09-06 17:14:54', '66.102.7.243'),
(1671, 1, 115, 'PCO28', '2015-09-06 17:15:21', '66.102.7.236'),
(1672, 1, 115, 'PCO28', '2015-09-06 17:16:21', '66.102.7.243'),
(1673, 1, 195, 'PCO75', '2015-09-06 19:17:51', '189.229.107.201'),
(1674, 1, 75, 'PCO45', '2015-09-06 19:18:15', '189.229.107.201'),
(1675, 1, 68, 'PCO4', '2015-09-06 19:19:17', '189.229.107.201'),
(1676, 1, 21, 'idDragon', '2015-09-06 19:23:45', '189.229.107.201'),
(1677, 1, 125, 'PCO43', '2015-09-08 20:51:16', '201.116.63.98'),
(1678, 1, 85, 'PCO69', '2015-09-12 13:57:52', 'TI20150912131'),
(1679, 1, 33, 'PCO73', '2015-09-12 16:24:43', 'TI20150912130'),
(1680, 1, 195, 'PCO76', '2015-09-12 16:25:43', 'TI20150912130'),
(1681, 1, 145, 'PCO117', '2015-09-12 16:32:30', 'TI20150912130'),
(1682, 1, 55, 'PCO67', '2015-09-12 16:35:14', 'TI20150912130'),
(1683, 1, 160, 'PCO101', '2015-09-12 19:21:33', 'TI20150912131'),
(1686, 1, 70, 'PCO44', '2015-09-12 19:25:03', 'TI20150912131'),
(1687, 2, 160, 'PCO101', '2015-09-16 19:49:24', '201.141.254.117'),
(1688, 1, 110, 'PCO163', '2015-09-18 19:41:14', 'TI20150918132'),
(1689, 1, 75, 'P34', '2015-09-18 19:42:26', 'TI20150918132'),
(1690, 1, 29, 'PCO189', '2015-09-18 19:43:44', 'TI20150918132'),
(1691, 1, 48, 'idperrier', '2015-09-18 19:43:50', 'TI20150918132'),
(1692, 1, 160, 'PCO101', '2015-09-19 19:15:52', 'TI20150919133'),
(1693, 1, 85, 'PCO63', '2015-09-19 20:50:56', '189.146.205.72'),
(1694, 1, 33, 'PCO73', '2015-09-19 20:51:04', '189.146.205.72'),
(1696, 1, 195, 'PCO76', '2015-09-19 20:52:04', '189.146.205.72'),
(1697, 1, 125, 'PCO61', '2015-09-19 20:54:55', '189.146.205.72'),
(1698, 1, 68, 'PCO4', '2015-09-20 14:37:43', '189.229.94.86'),
(1699, 1, 17, 'PCO26', '2015-09-20 14:38:40', '189.229.94.86'),
(1700, 1, 115, 'PCO28', '2015-09-20 14:39:07', '189.229.94.86'),
(1701, 1, 125, 'PCO43', '2015-09-20 14:39:37', '189.229.94.86'),
(1702, 1, 55, 'PCO67', '2015-09-20 14:42:52', '189.229.94.86'),
(1703, 1, 85, 'PCO65', '2015-09-20 15:13:51', '201.141.233.78'),
(1704, 1, 160, 'PCO77', '2015-09-20 15:14:01', '201.141.233.78'),
(1705, 1, 175, 'PCO89', '2015-09-20 15:14:16', '201.141.233.78'),
(1706, 1, 160, 'PCO101', '2015-09-20 15:15:02', '201.141.233.78'),
(1708, 1, 70, 'P37', '2015-09-20 15:49:40', 'TI20150920134'),
(1709, 1, 120, 'PCO157', '2015-09-20 16:00:30', 'TI20150920134'),
(1710, 1, 175, 'PCO84', '2015-09-26 14:58:27', 'TI20150926135'),
(1711, 1, 85, 'PCO63', '2015-09-26 14:59:41', 'TI20150926135'),
(1712, 1, 205, 'PCO79', '2015-09-26 14:59:55', 'TI20150926135'),
(1713, 1, 175, 'PCO84', '2015-09-26 15:03:32', 'TI20150926135'),
(1714, 1, 150, 'PCO59', '2015-09-26 15:04:01', 'TI20150926135'),
(1715, 1, 205, 'PCO79', '2015-09-26 15:04:31', 'TI20150926135'),
(1716, 1, 205, 'PCO100', '2015-09-26 15:04:51', 'TI20150926135'),
(1718, 1, 55, 'PCO54', '2015-09-26 15:13:10', '201.103.52.100'),
(1719, 2, 55, 'PCO67', '2015-09-26 15:13:27', '201.103.52.100'),
(1720, 2, 55, 'PCO51', '2015-09-26 15:13:39', '201.103.52.100'),
(1721, 1, 160, 'PCO104', '2015-09-26 15:14:04', '201.103.52.100'),
(1722, 1, 65, 'P33', '2015-09-26 15:14:40', '201.103.52.100'),
(1723, 1, 75, 'P32', '2015-09-26 15:15:32', '201.103.52.100'),
(1724, 1, 115, 'PCO28', '2015-09-26 15:17:35', '201.103.52.100'),
(1725, 1, 85, 'PCO69', '2015-09-26 18:15:55', 'TI20150926136'),
(1726, 1, 160, 'PCO101', '2015-09-26 18:16:04', 'TI20150926136'),
(1727, 1, 33, 'PCO73', '2015-09-26 18:17:31', 'TI20150926137'),
(1728, 1, 115, 'PCO160', '2015-09-26 18:31:42', 'TI20150926137'),
(1729, 1, 75, 'P32', '2015-09-26 18:35:39', 'TI20150926137'),
(1730, 1, 70, 'PCO50', '2015-09-27 14:46:55', 'TI20150927138'),
(1731, 1, 55, 'PCO52', '2015-09-27 14:47:02', 'TI20150927138'),
(1732, 2, 78, 'PCO3', '2015-09-27 14:48:14', 'TI20150927138'),
(1733, 1, 140, 'PCO29', '2015-09-27 14:49:59', 'TI20150927138'),
(1734, 1, 160, 'PCO102', '2015-09-27 14:51:01', 'TI20150927138'),
(1735, 1, 119, 'PCO115', '2015-09-27 15:14:13', 'TI20150927139'),
(1736, 1, 145, 'PCO117', '2015-09-27 15:16:37', 'TI20150927139'),
(1737, 1, 33, 'PCO73', '2015-09-27 15:16:52', 'TI20150927139'),
(1738, 1, 195, 'PCO76', '2015-09-27 15:17:03', 'TI20150927139'),
(1739, 1, 45, 'PCO20', '2015-09-27 18:42:58', 'TI20150927140'),
(1740, 1, 100, 'PCO68', '2015-09-27 18:50:06', 'TI20150927140'),
(1741, 2, 29, 'PCO189', '2015-09-27 18:54:04', 'TI20150927140'),
(1742, 1, 110, 'PCO58', '2015-09-28 18:02:32', '201.141.12.63'),
(1743, 1, 68, 'PCO4', '2015-09-28 18:02:50', '201.141.12.63'),
(1744, 2, 17, 'PCO26', '2015-09-28 18:03:29', '201.141.12.63'),
(1745, 1, 115, 'PCO28', '2015-09-28 18:03:49', '201.141.12.63'),
(1746, 1, 140, 'PCO64', '2015-09-28 18:06:41', '201.141.12.63'),
(1747, 1, 160, 'PCO101', '2015-09-28 20:37:57', 'TI20150928141'),
(1748, 1, 68, 'PCO4', '2015-09-28 20:40:25', 'TI20150928141'),
(1749, 1, 160, 'PCO101', '2015-09-28 20:58:49', 'TI20150928141'),
(1750, 1, 205, 'PCO98', '2015-09-28 21:00:14', 'TI20150928141'),
(1751, 1, 140, 'PCO66', '2015-09-28 21:00:49', 'TI20150928141'),
(1752, 1, 55, 'PCO54', '2015-09-28 21:01:05', 'TI20150928141'),
(1753, 2, 21, 'EXTRA02', '2015-09-28 21:04:15', 'TI20150928141'),
(1754, 3, 21, 'idHunan', '2015-09-28 21:04:27', 'TI20150928141'),
(1755, 3, 21, 'idPonzu', '2015-09-28 21:04:38', 'TI20150928141'),
(1756, 1, 33, 'PCO73', '2015-10-02 19:30:56', 'TI20151002142'),
(1757, 1, 119, 'PCO115', '2015-10-02 19:31:29', 'TI20151002142'),
(1758, 1, 70, 'PCO55', '2015-10-02 19:32:10', 'TI20151002142'),
(1759, 1, 195, 'PCO76', '2015-10-02 19:34:56', 'TI20151002142'),
(1761, 1, 55, 'PCO67', '2015-10-02 19:40:20', 'TI20151002142'),
(1762, 1, 205, 'PCO95', '2015-10-03 14:53:27', 'TI20151003143'),
(1764, 2, 17, 'PCO24', '2015-10-03 14:54:17', 'TI20151003143'),
(1765, 1, 195, 'PCO76', '2015-10-03 14:58:46', 'TI20151003143'),
(1769, 1, 115, 'PCO160', '2015-10-04 14:11:29', 'TI20151004144'),
(1772, 1, 115, 'PCO41', '2015-10-04 14:17:34', 'TI20151004144'),
(1774, 1, 175, 'PCO85', '2015-10-04 17:28:08', 'TI20151004145'),
(1775, 1, 45, 'PCO20', '2015-10-04 17:30:41', 'TI20151004145'),
(1776, 1, 17, 'PCO22', '2015-10-04 17:31:34', 'TI20151004145'),
(1777, 3, 29, 'PCO189', '2015-10-04 17:34:13', 'TI20151004145'),
(1778, 1, 33, 'PCO185', '2015-10-04 17:34:30', 'TI20151004145'),
(1779, 1, 70, 'P40', '2015-10-04 17:35:40', 'TI20151004145'),
(1781, 2, 45, 'PCO13', '2015-10-05 17:28:28', 'TI20151227201'),
(1784, 1, 205, 'PCO98', '2015-10-05 17:32:44', 'TI20151227201'),
(1786, 1, 160, 'PCO101', '2015-10-05 17:35:39', 'TI20151227201'),
(1788, 1, 115, 'PCO41', '2015-10-07 18:30:49', 'TI20151007146'),
(1789, 1, 195, 'PCO76', '2015-10-07 18:32:32', 'TI20151007146'),
(1790, 1, 45, 'PCO17', '2015-10-07 18:33:17', 'TI20151007146'),
(1791, 1, 110, 'PCO9', '2015-10-07 18:33:33', 'TI20151007146'),
(1792, 1, 160, 'PCO103', '2015-10-07 18:35:16', 'TI20151007146'),
(1794, 1, 160, 'PCO101', '2015-10-08 14:45:59', 'TI20151008147'),
(1795, 1, 21, 'idHunan', '2015-10-08 14:49:25', 'TI20151008147'),
(1796, 2, 17, 'PCO12', '2015-10-08 20:39:07', 'TI20151008148'),
(1797, 1, 17, 'PCO14', '2015-10-08 20:39:31', 'TI20151008148'),
(1798, 1, 17, 'PCO16', '2015-10-08 20:39:46', 'TI20151008148'),
(1799, 2, 110, 'PCO5', '2015-10-08 20:40:30', 'TI20151008148'),
(1800, 1, 17, 'PCO18', '2015-10-08 20:40:49', 'TI20151008148'),
(1801, 2, 85, 'PCO69', '2015-10-08 20:42:35', 'TI20151008148'),
(1802, 1, 215, 'PCO82', '2015-10-08 20:45:39', 'TI20151008148'),
(1803, 2, 205, 'PCO100', '2015-10-08 20:46:15', 'TI20151008148'),
(1804, 1, 215, 'PCO82', '2015-10-08 20:46:50', 'TI20151008148'),
(1805, 1, 160, 'PCO104', '2015-10-09 16:09:53', '201.141.28.239'),
(1806, 1, 125, 'PCO169', '2015-10-09 17:00:27', 'TI20151009149'),
(1807, 1, 75, 'P32', '2015-10-09 17:00:45', 'TI20151009149'),
(1808, 1, 160, 'PCO104', '2015-10-09 19:25:36', '201.141.15.179'),
(1809, 1, 85, 'PCO65', '2015-10-09 19:27:05', '201.141.15.179'),
(1810, 1, 85, 'PCO71', '2015-10-09 19:27:48', '201.141.15.179'),
(1811, 1, 70, 'PCO44', '2015-10-09 19:28:42', '201.141.15.179'),
(1812, 1, 125, 'PCO169', '2015-10-09 21:10:17', '189.146.12.247'),
(1813, 1, 119, 'PCO114', '2015-10-09 21:10:50', '189.146.12.247'),
(1814, 1, 160, 'PCO107', '2015-10-09 21:11:09', '189.146.12.247'),
(1815, 1, 140, 'PCO29', '2015-10-21 21:27:49', 'TI20151021150'),
(1816, 1, 115, 'PCO28', '2015-10-21 21:27:52', 'TI20151021150'),
(1817, 2, 195, 'PCO75', '2015-10-21 22:17:07', 'TI20151021151'),
(1818, 2, 185, 'PCO80', '2015-10-21 22:26:18', 'TI20151021152'),
(1819, 1, 195, 'PCO75', '2015-10-21 22:53:24', 'TI20151021153'),
(1820, 10, 85, 'PCO63', '2015-10-26 19:01:32', 'TI20151026154'),
(1821, 2, 140, 'PCO64', '2015-10-26 19:04:40', 'TI20151026155'),
(1822, 3, 17, 'PCO12', '2015-10-28 19:35:13', 'TI20151028156'),
(1823, 1, 160, 'PCO107', '2015-10-28 19:35:41', 'TI20151028156'),
(1824, 1, 119, 'PCO114', '2015-10-28 19:35:51', 'TI20151028156'),
(1825, 1, 21, 'idChabacano', '2015-10-28 19:36:40', 'TI20151028156'),
(1826, 1, 145, 'PCO117', '2015-10-29 20:51:25', 'TI20151029157'),
(1827, 1, 33, 'PCO73', '2015-10-29 20:51:57', 'TI20151029157'),
(1828, 1, 85, 'PCO63', '2015-10-29 20:52:09', 'TI20151029157'),
(1829, 1, 195, 'PCO76', '2015-10-29 20:52:40', 'TI20151029157'),
(1830, 1, 105, 'PCO35', '2015-10-29 20:55:01', 'TI20151029157'),
(1831, 1, 160, 'PCO101', '2015-10-30 14:53:18', 'TI20151030158'),
(1832, 1, 160, 'PCO77', '2015-10-30 14:53:47', 'TI20151030158'),
(1833, 1, 140, 'PCO66', '2015-10-30 14:54:14', 'TI20151030158'),
(1834, 2, 115, 'PCO155', '2015-10-30 16:12:35', 'TI20151030159'),
(1835, 1, 140, 'PCO66', '2015-10-30 16:17:30', 'TI20151030159'),
(1836, 1, 205, 'PCO100', '2015-10-30 16:19:04', 'TI20151030159'),
(1837, 1, 110, 'PCO58', '2015-10-30 16:19:28', 'TI20151030159'),
(1838, 1, 115, 'PCO156', '2015-10-30 16:20:58', 'TI20151030159'),
(1839, 1, 140, 'PCO66', '2015-11-01 13:38:50', 'TI20151101160'),
(1840, 1, 140, 'PCO70', '2015-11-01 13:39:53', 'TI20151101160'),
(1841, 1, 70, 'PCO44', '2015-11-01 13:40:40', 'TI20151101160'),
(1842, 1, 55, 'PCO52', '2015-11-01 13:41:00', 'TI20151101160'),
(1843, 1, 195, 'PCO96', '2015-11-01 13:41:35', 'TI20151101160'),
(1844, 1, 110, 'PCO163', '2015-11-01 13:43:04', 'TI20151101160'),
(1845, 1, 78, 'PCO1', '2015-11-01 13:45:17', 'TI20151101160'),
(1846, 1, 45, 'PCO13', '2015-11-01 13:45:46', 'TI20151101160'),
(1847, 1, 95, 'P31', '2015-11-01 13:46:50', 'TI20151101160'),
(1848, 1, 70, 'P37', '2015-11-01 13:46:53', 'TI20151101160'),
(1849, 2, 33, 'PCO181', '2015-11-01 13:47:03', 'TI20151101160'),
(1850, 1, 21, 'EXTRA06', '2015-11-01 13:47:47', 'TI20151101160'),
(1851, 1, 125, 'PCO168', '2015-11-01 20:56:08', '201.141.30.192'),
(1852, 1, 85, 'PCO63', '2015-11-01 21:05:57', '201.141.30.192'),
(1853, 2, 17, 'PCO26', '2015-11-04 19:15:24', 'TI20151104161'),
(1854, 1, 90, 'PCO152', '2015-11-04 19:18:12', 'TI20151104161'),
(1855, 1, 39, 'PCO177', '2015-11-04 19:19:38', 'TI20151104161'),
(1856, 1, 45, 'PCO27', '2015-11-08 16:37:57', '187.188.66.61'),
(1857, 1, 90, 'PCO152', '2015-11-08 16:39:11', '187.188.66.61'),
(1858, 2, 45, 'PCO27', '2015-11-08 16:41:27', '187.188.66.61'),
(1859, 1, 90, 'PCO152', '2015-11-08 16:41:46', '187.188.66.61'),
(1860, 1, 90, 'PCO152', '2015-11-08 16:43:42', '187.188.66.61'),
(1861, 2, 45, 'PCO27', '2015-11-08 16:43:51', '187.188.66.61'),
(1862, 1, 115, 'idHamachi', '2015-11-08 17:27:36', '187.190.12.194'),
(1863, 1, 145, 'PCO117', '2015-11-08 17:28:06', '187.190.12.194'),
(1864, 1, 145, 'PCO117', '2015-11-08 17:28:18', '187.190.12.194'),
(1865, 1, 115, 'PCO155', '2015-11-09 14:02:33', 'TI20151109162'),
(1866, 2, 55, 'PCO51', '2015-11-09 14:20:31', 'TI20151109162'),
(1867, 1, 119, 'PCO115', '2015-11-11 19:28:08', '187.234.254.103'),
(1868, 1, 115, 'PCO155', '2015-11-12 13:51:09', 'TI20151112163'),
(1869, 1, 70, 'PCO44', '2015-11-14 13:38:50', 'TI20151114164'),
(1870, 1, 125, 'PCO170', '2015-11-14 13:49:08', 'TI20151114164'),
(1872, 1, 160, 'PCO104', '2015-11-14 13:53:25', 'TI20151114164'),
(1873, 1, 175, 'PCO89', '2015-11-14 14:00:30', 'TI20151114164'),
(1874, 1, 85, 'PCO65', '2015-11-14 14:00:54', 'TI20151114164'),
(1876, 1, 75, 'P34', '2015-11-14 14:02:05', 'TI20151114164'),
(1877, 2, 175, 'PCO84', '2015-11-14 14:42:03', 'TI20151114165'),
(1878, 10, 70, 'PCO49', '2015-11-14 17:03:12', 'TI20151114166'),
(1879, 1, 45, 'PCO13', '2015-11-14 17:12:55', 'TI20151114167'),
(1880, 1, 195, 'PCO78', '2015-11-14 17:16:37', 'TI20151114167'),
(1881, 1, 145, 'PCO117', '2015-11-14 17:19:22', 'TI20151114167'),
(1882, 1, 160, 'PCO107', '2015-11-14 21:16:43', 'TI20151114168'),
(1883, 1, 119, 'PCO114', '2015-11-14 21:17:28', 'TI20151114168'),
(1884, 1, 110, 'PCO6', '2015-11-15 15:24:07', '187.210.189.223'),
(1885, 1, 195, 'PCO78', '2015-11-15 15:35:44', '187.210.189.223'),
(1886, 1, 205, 'PCO97', '2015-11-15 15:38:07', '187.210.189.223'),
(1887, 1, 110, 'PCO6', '2015-11-15 15:38:44', '187.210.189.223'),
(1888, 1, 55, 'PCO67', '2015-11-15 15:40:31', '187.210.189.223'),
(1889, 1, 160, 'PCO77', '2015-11-16 14:52:49', '201.114.164.12');
INSERT INTO `pedidosproductos` (`idPedidosProductos`, `cantidad`, `precio`, `idProducto`, `registro`, `idPedido`) VALUES
(1890, 1, 45, 'PCO13', '2015-11-16 14:52:57', '189.207.151.79'),
(1891, 1, 119, 'PCO114', '2015-11-16 14:53:31', '201.114.164.12'),
(1892, 1, 115, 'PCO48', '2015-11-16 14:53:59', '189.207.151.79'),
(1893, 1, 175, 'PCO175', '2015-11-16 14:54:20', '201.114.164.12'),
(1894, 1, 195, 'PCO78', '2015-11-16 14:54:22', '189.207.151.79'),
(1895, 1, 280, 'PCO110', '2015-11-16 14:54:45', '189.207.151.79'),
(1896, 1, 175, 'PCO175', '2015-11-16 14:57:08', '201.114.164.12'),
(1897, 1, 120, 'PCO166', '2015-11-16 14:57:21', '201.114.164.12'),
(1898, 1, 160, 'PCO77', '2015-11-16 14:57:30', '201.114.164.12'),
(1899, 2, 160, 'PCO101', '2015-11-17 16:47:56', 'TI20151117169'),
(1900, 1, 160, 'PCO107', '2015-11-20 15:53:48', 'TI20151120170'),
(1901, 1, 119, 'PCO114', '2015-11-20 15:54:11', 'TI20151120170'),
(1904, 1, 17, 'PCO24', '2015-11-20 20:34:42', 'TI20151120171'),
(1905, 1, 68, 'PCO4', '2015-11-20 20:35:03', 'TI20151120171'),
(1906, 1, 115, 'PCO28', '2015-11-20 20:35:29', 'TI20151120171'),
(1907, 1, 195, 'PCO78', '2015-11-20 20:54:10', '201.103.122.253'),
(1908, 1, 85, 'PCO69', '2015-11-20 20:54:32', '201.103.122.253'),
(1909, 1, 130, 'PCO171', '2015-11-21 14:55:00', 'TI20151121172'),
(1910, 1, 85, 'PCO65', '2015-11-21 14:55:49', 'TI20151121172'),
(1911, 1, 255, 'PCO120', '2015-11-22 14:19:54', 'TI20151122173'),
(1912, 2, 125, 'PCO146', '2015-11-22 14:20:06', 'TI20151122173'),
(1913, 1, 120, 'PCO167', '2015-11-22 14:21:00', 'TI20151122173'),
(1914, 5, 17, 'PCO12', '2015-11-22 14:21:24', 'TI20151122173'),
(1915, 5, 17, 'PCO18', '2015-11-22 14:21:28', 'TI20151122173'),
(1916, 5, 17, 'PCO22', '2015-11-22 14:21:34', 'TI20151122173'),
(1917, 2, 140, 'PCO64', '2015-11-22 14:21:45', 'TI20151122173'),
(1918, 1, 21, 'idCiruela', '2015-11-22 14:22:44', 'TI20151122173'),
(1919, 1, 21, 'idPonzu', '2015-11-22 14:22:49', 'TI20151122173'),
(1920, 1, 17, 'PCO22', '2015-11-22 16:09:59', 'TI20151122174'),
(1921, 1, 17, 'PCO24', '2015-11-22 16:10:29', 'TI20151122174'),
(1922, 1, 175, 'PCO86', '2015-11-22 16:11:44', 'TI20151122174'),
(1923, 1, 119, 'PCO114', '2015-11-23 21:11:28', 'TI20151123175'),
(1924, 1, 60, 'PCO126', '2015-11-23 21:12:04', 'TI20151123175'),
(1925, 1, 55, 'PCO67', '2015-11-23 21:13:47', 'TI20151123175'),
(1926, 1, 119, 'PCO115', '2015-11-24 16:45:35', 'TI20151124176'),
(1927, 1, 60, 'PCO126', '2015-11-24 16:46:01', 'TI20151124176'),
(1933, 1, 119, 'PCO115', '2015-11-24 18:05:59', 'TI20151124177'),
(1934, 1, 119, 'PCO115', '2015-11-24 18:06:29', '66.249.85.158'),
(1936, 1, 119, 'PCO115', '2015-11-24 18:09:27', '66.249.85.155'),
(1937, 1, 100, 'PCO68', '2015-11-24 18:10:16', '66.249.85.155'),
(1938, 1, 100, 'PCO68', '2015-11-24 18:12:50', '66.249.85.158'),
(1939, 1, 100, 'PCO68', '2015-11-24 18:14:35', 'TI20151124177'),
(1940, 1, 140, 'PCO70', '2015-11-25 18:00:32', '189.239.159.223'),
(1941, 2, 205, 'PCO98', '2015-11-25 18:06:02', '189.239.159.223'),
(1942, 1, 160, 'PCO101', '2015-11-25 18:06:15', '189.239.159.223'),
(1943, 1, 160, 'PCO101', '2015-11-25 18:06:18', '189.239.159.223'),
(1944, 1, 140, 'PCO70', '2015-11-25 18:26:00', '189.239.159.223'),
(1945, 1, 160, 'PCO101', '2015-11-25 18:27:02', '189.239.159.223'),
(1946, 1, 205, 'PCO98', '2015-11-25 18:27:22', '189.239.159.223'),
(1947, 2, 115, 'PCO155', '2015-11-25 18:28:42', '189.239.159.223'),
(1948, 2, 115, 'PCO156', '2015-11-25 18:29:12', '189.239.159.223'),
(1949, 1, 140, 'PCO70', '2015-11-25 18:39:18', '189.239.159.223'),
(1950, 1, 160, 'PCO101', '2015-11-25 18:39:40', '189.239.159.223'),
(1951, 1, 205, 'PCO98', '2015-11-25 18:39:48', '189.239.159.223'),
(1952, 4, 115, 'PCO155', '2015-11-25 18:40:11', '189.239.159.223'),
(1953, 3, 115, 'PCO28', '2015-11-25 18:48:30', '189.239.159.223'),
(1954, 1, 80, 'PCO151', '2015-11-26 13:54:29', 'TI20151126178'),
(1955, 1, 85, 'PCO71', '2015-11-26 13:54:40', 'TI20151126178'),
(1956, 1, 140, 'PCO34', '2015-11-26 20:40:52', 'TI20151126179'),
(1957, 1, 160, 'PCO105', '2015-11-26 20:41:36', 'TI20151126179'),
(1958, 2, 70, 'PCO44', '2015-11-26 20:44:54', 'TI20151126179'),
(1959, 1, 110, 'PCO154', '2015-11-26 20:45:33', 'TI20151126179'),
(1960, 1, 70, 'PCO55', '2015-11-26 21:47:39', '189.207.185.132'),
(1961, 1, 45, 'PCO13', '2015-11-26 21:49:18', '189.207.185.132'),
(1962, 1, 70, 'PCO50', '2015-11-26 21:49:49', '189.207.185.132'),
(1963, 1, 110, 'PCO56', '2015-11-26 21:50:49', '189.207.185.132'),
(1964, 1, 119, 'PCO115', '2015-11-26 21:52:08', '189.207.185.132'),
(1965, 1, 195, 'PCO75', '2015-11-26 21:53:13', '189.207.185.132'),
(1966, 1, 45, 'PCO13', '2015-11-26 21:56:17', '189.207.185.132'),
(1967, 1, 70, 'PCO50', '2015-11-26 21:56:27', '189.207.185.132'),
(1968, 1, 70, 'PCO55', '2015-11-26 21:57:10', '189.207.185.132'),
(1969, 1, 45, 'PCO13', '2015-11-26 22:11:19', '189.207.185.132'),
(1970, 1, 70, 'PCO50', '2015-11-26 22:11:32', '189.207.185.132'),
(1971, 1, 70, 'PCO55', '2015-11-26 22:11:37', '189.207.185.132'),
(1972, 1, 195, 'PCO75', '2015-11-26 22:16:38', '189.207.185.132'),
(1973, 0, 140, 'PCO70', '2015-11-28 14:36:30', '187.214.228.49'),
(1974, 1, 175, 'PCO89', '2015-11-28 14:38:45', '187.214.228.49'),
(1975, 1, 175, 'PCO86', '2015-11-28 14:38:56', '187.214.228.49'),
(1976, 1, 160, 'PCO101', '2015-11-28 14:39:24', '187.214.228.49'),
(1977, 1, 140, 'PCO29', '2015-11-28 14:40:50', '187.214.228.49'),
(1978, 1, 140, 'PCO29', '2015-11-28 15:10:12', '187.214.228.49'),
(1979, 2, 140, 'PCO70', '2015-11-28 15:10:30', '187.214.228.49'),
(1980, 1, 175, 'PCO86', '2015-11-28 15:10:45', '187.214.228.49'),
(1981, 1, 185, 'PCO80', '2015-11-28 15:11:54', '187.214.228.49'),
(1982, 1, 140, 'PCO29', '2015-11-28 15:15:29', '187.214.228.49'),
(1983, 1, 160, 'PCO103', '2015-11-28 17:43:48', '187.189.209.109'),
(1984, 1, 185, 'PCO80', '2015-11-28 17:43:55', '187.189.209.109'),
(1985, 1, 185, 'PCO80', '2015-11-28 17:43:55', '187.189.209.109'),
(1986, 1, 33, 'PCO73', '2015-11-28 17:44:19', '189.204.0.173'),
(1987, 1, 55, 'PCO52', '2015-11-28 17:44:25', '189.204.0.173'),
(1988, 2, 17, 'PCO24', '2015-11-28 17:44:59', '187.189.209.109'),
(1989, 1, 45, 'PCO17', '2015-11-28 17:45:16', '187.189.209.109'),
(1990, 1, 125, 'PCO43', '2015-11-28 17:45:52', '187.189.209.109'),
(1991, 1, 205, 'PCO100', '2015-11-28 17:46:02', '189.204.0.173'),
(1992, 1, 65, 'P38', '2015-11-28 17:46:37', '189.204.0.173'),
(1993, 1, 21, 'idChabacano', '2015-11-28 17:47:21', '189.204.0.173'),
(1994, 1, 205, 'PCO93', '2015-11-28 17:50:04', '189.204.0.173'),
(1995, 1, 45, 'PCO17', '2015-11-28 17:56:16', '187.189.209.109'),
(1996, 2, 17, 'PCO24', '2015-11-28 17:56:30', '187.189.209.109'),
(1997, 1, 125, 'PCO43', '2015-11-28 17:56:40', '187.189.209.109'),
(1998, 1, 160, 'PCO103', '2015-11-28 17:56:47', '187.189.209.109'),
(1999, 1, 160, 'PCO107', '2015-11-28 20:46:40', 'TI20151128180'),
(2000, 1, 17, 'PCO16', '2015-11-28 20:47:07', 'TI20151128180'),
(2001, 1, 17, 'PCO12', '2015-11-28 20:47:17', 'TI20151128180'),
(2002, 1, 140, 'PCO64', '2015-11-29 18:03:40', 'TI20151129181'),
(2003, 1, 85, 'PCO65', '2015-11-29 18:03:41', 'TI20151129181'),
(2004, 10, 205, 'PCO79', '2015-11-29 18:30:36', 'TI20151129182'),
(2005, 2, 60, 'PCO126', '2015-12-01 16:18:36', 'TI20151201183'),
(2006, 1, 119, 'PCO114', '2015-12-01 16:20:34', 'TI20151201183'),
(2007, 1, 150, 'PCO59', '2015-12-02 21:18:31', 'TI20151202184'),
(2008, 3, 140, 'PCO64', '2015-12-02 22:13:57', '187.232.142.0'),
(2009, 1, 140, 'PCO64', '2015-12-02 22:19:25', 'TI20151202186'),
(2010, 1, 85, 'PCO65', '2015-12-02 22:19:30', 'TI20151202186'),
(2011, 1, 195, 'PCO75', '2015-12-02 22:23:43', 'TI20151202187'),
(2012, 2, 195, 'PCO92', '2015-12-02 23:21:04', 'TI20151202188'),
(2013, 3, 205, 'PCO93', '2015-12-02 23:21:07', 'TI20151202188'),
(2014, 2, 160, 'PCO74', '2015-12-03 00:57:10', 'TI20151203189'),
(2015, 2, 195, 'PCO75', '2015-12-03 00:57:11', 'TI20151203189'),
(2016, 1, 150, 'PCO60', '2015-12-03 01:11:00', 'TI20151203190'),
(2017, 2, 125, 'PCO61', '2015-12-03 01:11:03', 'TI20151203190'),
(2018, 2, 140, 'PCO64', '2015-12-03 01:17:04', 'TI20151203191'),
(2019, 2, 85, 'PCO65', '2015-12-03 01:17:05', 'TI20151203191'),
(2020, 1, 195, 'PCO75', '2015-12-03 01:44:34', 'TI20151203192'),
(2021, 1, 195, 'PCO76', '2015-12-03 01:44:37', 'TI20151203192'),
(2022, 1, 140, 'PCO70', '2015-12-03 18:57:12', '187.237.14.195'),
(2023, 1, 215, 'PCO82', '2015-12-03 18:57:28', '187.237.14.195'),
(2025, 1, 45, 'PCO27', '2015-12-04 19:20:04', 'TI20151204193'),
(2026, 1, 68, 'PCO4', '2015-12-04 19:20:54', 'TI20151204193'),
(2027, 1, 55, 'PCO51', '2015-12-04 19:30:29', 'TI20151204193'),
(2028, 1, 55, 'PCO67', '2015-12-05 13:49:24', '189.253.251.60'),
(2029, 1, 115, 'PCO156', '2015-12-05 13:50:51', '189.253.251.60'),
(2030, 1, 80, 'PCO150', '2015-12-05 13:50:55', '189.253.251.60'),
(2031, 1, 125, 'PCO146', '2015-12-05 13:53:04', '189.253.251.60'),
(2032, 1, 140, 'PCO34', '2015-12-05 15:52:43', '201.141.29.224'),
(2033, 1, 140, 'PCO66', '2015-12-06 14:39:29', 'TI20151206194'),
(2034, 1, 280, 'PCO110', '2015-12-06 14:40:01', 'TI20151206194'),
(2035, 1, 205, 'PCO94', '2015-12-06 14:40:41', 'TI20151206194'),
(2036, 1, 85, 'PCO71', '2015-12-06 15:30:30', 'TI20151206195'),
(2037, 1, 160, 'PCO107', '2015-12-06 15:33:37', 'TI20151206195'),
(2038, 1, 175, 'PCO87', '2015-12-06 15:34:21', 'TI20151206195'),
(2039, 1, 45, 'PCO25', '2015-12-06 15:35:22', 'TI20151206195'),
(2040, 1, 80, 'PCO149', '2015-12-06 16:14:50', '201.141.6.223'),
(2041, 1, 140, 'PCO66', '2015-12-06 16:15:08', '201.141.6.223'),
(2042, 1, 140, 'PCO66', '2015-12-06 16:17:51', '201.141.6.223'),
(2043, 1, 160, 'PCO104', '2015-12-06 16:19:28', '201.141.6.223'),
(2044, 1, 140, 'PCO66', '2015-12-06 16:21:31', '201.141.6.223'),
(2045, 1, 160, 'PCO104', '2015-12-06 16:21:46', '201.141.6.223'),
(2046, 1, 78, 'PCO1', '2015-12-06 20:02:54', '189.205.5.233'),
(2047, 1, 78, 'PCO2', '2015-12-06 20:03:27', '189.205.5.233'),
(2048, 1, 280, 'PCO109', '2015-12-06 20:05:17', '189.205.5.233'),
(2049, 1, 21, 'idDragon', '2015-12-06 20:06:03', '189.205.5.233'),
(2050, 1, 21, 'idPonzu', '2015-12-06 20:06:14', '189.205.5.233'),
(2051, -1, 75, 'idSake', '2015-12-06 20:08:28', '189.205.5.233'),
(2052, 1, 33, 'PCO73', '2015-12-12 21:35:43', '187.189.209.229'),
(2053, 1, 140, 'PCO66', '2015-12-12 21:36:12', '187.189.209.229'),
(2054, 1, 140, 'PCO34', '2015-12-12 21:37:42', '187.189.209.229'),
(2055, 4, 60, 'PCO126AUX', '2015-12-12 21:40:22', '187.189.209.229'),
(2056, 1, 65, 'idUnaguiAUX', '2015-12-12 21:40:42', '187.189.209.229'),
(2057, 2, 115, 'PCO155', '2015-12-12 21:43:03', '187.189.209.229'),
(2058, 1, 160, 'PCO159', '2015-12-12 21:43:20', '187.189.209.229'),
(2059, 1, 120, 'PCO167', '2015-12-12 21:44:50', '187.189.209.229'),
(2060, 2, 125, 'PCO168', '2015-12-12 21:45:39', '187.189.209.229'),
(2061, 1, 119, 'PCO114', '2015-12-14 14:53:58', 'TI20151214196'),
(2062, 1, 160, 'PCO107', '2015-12-14 14:58:44', 'TI20151214196'),
(2063, 1, 45, 'PCO27', '2015-12-14 14:59:38', 'TI20151214196'),
(2064, 1, 21, 'idCiruela', '2015-12-14 15:00:02', 'TI20151214196'),
(2065, 1, 21, 'EXTRA06', '2015-12-14 15:00:16', 'TI20151214196'),
(2066, 1, 55, 'PCO52', '2015-12-15 19:08:20', '189.212.236.210'),
(2067, 1, 85, 'PCO65', '2015-12-15 19:09:00', '189.212.236.210'),
(2068, 1, 160, 'PCO105', '2015-12-15 19:09:27', '189.212.236.210'),
(2069, 1, 115, 'PCO155', '2015-12-16 20:51:46', 'TI20151216197'),
(2070, 1, 45, 'PCO11', '2015-12-16 20:52:16', 'TI20151216197'),
(2071, 1, 140, 'PCO34', '2015-12-17 13:39:06', '189.217.173.135'),
(2072, 1, 205, 'PCO93', '2015-12-17 13:39:23', '189.217.173.135'),
(2073, 1, 160, 'PCO101', '2015-12-17 13:39:32', '189.217.173.135'),
(2074, 1, 70, 'PCO50', '2015-12-17 21:24:09', '187.189.163.30'),
(2075, 1, 195, 'PCO76', '2015-12-17 21:24:35', '187.189.163.30'),
(2076, 1, 90, 'PCO37', '2015-12-18 19:40:43', '189.229.248.106'),
(2077, 1, 85, 'PCO65', '2015-12-18 19:42:02', '189.229.248.106'),
(2078, 1, 85, 'PCO69', '2015-12-18 19:42:07', '189.229.248.106'),
(2079, 1, 130, 'PCO172', '2015-12-18 19:46:52', '189.229.248.106'),
(2080, 1, 115, 'PCO156', '2015-12-18 19:48:37', '189.229.248.106'),
(2081, 1, 75, 'P39', '2015-12-18 19:49:19', '189.229.248.106'),
(2082, 1, 100, 'PCO68', '2015-12-19 14:36:50', '201.141.23.177'),
(2083, 1, 140, 'PCO66', '2015-12-19 19:10:36', 'TI20151219198'),
(2084, 1, 160, 'PCO101', '2015-12-19 19:10:43', 'TI20151219198'),
(2085, 1, 140, 'PCO64', '2015-12-20 17:55:09', '201.141.255.13'),
(2086, 1, 280, 'PCO109', '2015-12-20 17:56:15', '201.141.255.13'),
(2087, 1, 130, 'PCO172', '2015-12-20 17:57:20', '201.141.255.13'),
(2091, 1, 140, 'PCO29', '2015-12-21 18:37:37', 'TI20151221199'),
(2092, 1, 85, 'PCO65', '2015-12-21 18:38:35', 'TI20151221199'),
(2093, 1, 55, 'PCO51', '2015-12-21 18:41:47', 'TI20151221199'),
(2094, 1, 140, 'PCO66', '2015-12-26 15:14:14', 'TI20151226200'),
(2095, 3, 160, 'PCO101', '2015-12-26 15:14:25', 'TI20151226200'),
(2096, 2, 70, 'PCO44', '2015-12-26 15:17:25', 'TI20151226200'),
(2097, 1, 110, 'PCO7', '2015-12-27 13:08:53', 'TI20151227201'),
(2099, 2, 75, 'PCO45', '2015-12-27 13:10:40', 'TI20151227201'),
(2100, 1, 115, 'PCO42', '2015-12-27 13:11:26', 'TI20151227201'),
(2101, 1, 85, 'PCO71', '2015-12-27 13:12:59', 'TI20151227201'),
(2102, 1, 85, 'PCO65', '2015-12-27 13:13:08', 'TI20151227201'),
(2105, 1, 140, 'PCO34', '2015-12-27 13:28:23', 'TI20151227201'),
(2106, 2, 21, 'EXTRA06', '2015-12-27 13:30:00', 'TI20151227201'),
(2107, 2, 21, 'idChabacano', '2015-12-27 13:30:08', 'TI20151227201'),
(2108, 1, 21, 'idDragon', '2015-12-27 13:30:14', 'TI20151227201'),
(2109, 2, 21, 'idHunan', '2015-12-27 13:30:18', 'TI20151227201'),
(2110, 2, 21, 'idPonzu', '2015-12-27 13:30:28', 'TI20151227201'),
(2111, 1, 160, 'PCO101', '2015-12-30 15:07:46', '189.211.214.132'),
(2112, 1, 150, 'PCO59', '2015-12-30 15:08:25', '189.211.214.132'),
(2113, 2, 48, 'idperrier', '2015-12-30 15:08:49', '189.211.214.132'),
(2114, 1, 33, 'PCO181', '2015-12-30 15:08:55', '189.211.214.132'),
(2115, 2, 160, 'PCO101', '2015-12-30 15:09:20', '189.211.214.132'),
(2116, 1, 100, 'PCO68', '2015-12-30 15:10:04', '189.211.214.132'),
(2117, 1, 21, 'idChipotle', '2015-12-30 15:10:49', '189.211.214.132'),
(2118, 1, 21, 'idCiruela', '2015-12-30 15:10:51', '189.211.214.132'),
(2119, 1, 150, 'PCO60', '2015-12-30 15:15:15', '189.211.214.132'),
(2120, 3, 48, 'idperrier', '2015-12-30 15:15:32', '189.211.214.132'),
(2121, 1, 33, 'PCO183', '2015-12-30 15:15:41', '189.211.214.132'),
(2122, 1, 75, 'P39', '2015-12-30 15:15:56', '189.211.214.132'),
(2123, 1, 125, 'PCO61', '2015-12-31 18:11:42', 'TI20151231202'),
(2124, 1, 175, 'PCO86', '2015-12-31 18:12:37', 'TI20151231202'),
(2125, 1, 160, 'PCO101', '2015-12-31 18:14:10', 'TI20151231202'),
(2127, 0, 175, 'PCO88', '2015-12-31 18:21:53', 'TI20151231202'),
(2128, 1, 140, 'PCO29', '2016-01-01 16:56:41', '201.141.103.245'),
(2129, 1, 55, 'PCO54', '2016-01-01 16:57:04', '201.141.103.245'),
(2130, 1, 140, 'PCO72', '2016-01-01 16:57:17', '201.141.103.245'),
(2131, 1, 175, 'PCO86', '2016-01-01 16:57:28', '201.141.103.245'),
(2132, 1, 160, 'PCO102', '2016-01-01 16:57:54', '201.141.103.245'),
(2133, 1, 185, 'PCO80', '2016-01-01 17:53:06', '187.188.76.87'),
(2134, 1, 80, 'PCO149', '2016-01-01 17:55:11', '187.188.76.87'),
(2135, 1, 85, 'PCO71', '2016-01-01 17:56:07', '187.188.76.87'),
(2137, 1, 41, 'EXTRA03', '2016-01-01 17:59:09', '187.188.76.87'),
(2138, 1, 37, 'p3Extra', '2016-01-01 17:59:32', '187.188.76.87'),
(2140, 1, 140, 'PCO34', '2016-01-03 14:10:07', 'TI20160103203'),
(2141, 1, 85, 'PCO65', '2016-01-03 14:10:21', 'TI20160103203'),
(2142, 1, 195, 'PCO76', '2016-01-03 17:08:32', 'TI20160103204'),
(2143, 1, 105, 'PCO35', '2016-01-03 17:08:58', 'TI20160103204'),
(2144, 1, 33, 'PCO73', '2016-01-03 17:09:12', 'TI20160103204'),
(2145, 2, 70, 'PCO50', '2016-01-03 17:10:24', 'TI20160103205'),
(2146, 1, 175, 'PCO84', '2016-01-03 17:10:45', 'TI20160103205'),
(2147, 1, 85, 'PCO63', '2016-01-03 17:13:34', 'TI20160103204'),
(2148, 2, 79, 'idSapporosilver', '2016-01-03 17:13:48', 'TI20160103205'),
(2149, 1, 145, 'PCO117', '2016-01-03 17:15:00', 'TI20160103204'),
(2150, 1, 99, 'PCO112', '2016-01-03 17:15:36', 'TI20160103204'),
(2151, 1, 125, 'PCO62', '2016-01-03 17:17:19', 'TI20160103205'),
(2152, 1, 55, 'PCO51', '2016-01-03 18:41:00', '201.124.88.243'),
(2153, 1, 140, 'PCO70', '2016-01-03 18:45:28', '201.124.88.243'),
(2154, 1, 160, 'PCO101', '2016-01-03 18:48:00', '201.124.88.243'),
(2155, 1, 85, 'PCO65', '2016-01-05 18:43:31', '187.214.227.38'),
(2156, 1, 55, 'PCO67', '2016-01-05 18:43:37', '187.214.227.38'),
(2157, 1, 75, 'PCO45', '2016-01-05 18:48:49', '187.214.227.38'),
(2158, 1, 110, 'PCO6', '2016-01-05 18:50:31', '187.214.227.38'),
(2159, 1, 175, 'PCO84', '2016-01-05 18:51:45', '187.214.227.38'),
(2160, 1, 119, 'PCO115', '2016-01-08 20:26:26', '187.189.209.84'),
(2161, 1, 60, 'PCO126', '2016-01-08 20:27:24', '187.189.209.84'),
(2162, 2, 140, 'PCO64', '2016-01-09 14:17:23', '189.249.44.241'),
(2163, 2, 75, 'P32', '2016-01-09 14:18:24', '189.249.44.241'),
(2164, 1, 45, 'PCO20', '2016-01-09 21:19:08', '187.234.16.114'),
(2165, 1, 110, 'PCO6', '2016-01-09 21:19:31', '187.234.16.114'),
(2167, 1, 160, 'PCO101', '2016-01-09 21:21:39', '187.234.16.114'),
(2168, 1, 45, 'PCO17', '2016-01-10 15:07:18', 'TI20160110206'),
(2169, 1, 160, 'PCO159', '2016-01-10 15:07:45', 'TI20160110206'),
(2170, 1, 70, 'PCO44', '2016-01-10 15:08:57', 'TI20160110206'),
(2171, 1, 195, 'PCO75', '2016-01-10 15:22:06', '189.207.152.114'),
(2172, 1, 195, 'PCO78', '2016-01-10 15:23:47', '189.207.152.114'),
(2173, 1, 185, 'PCO80', '2016-01-10 15:24:01', '189.207.152.114'),
(2174, 1, 205, 'PCO98', '2016-01-10 15:24:19', '189.207.152.114'),
(2175, 1, 85, 'PCO69', '2016-01-10 16:49:11', '201.141.250.192'),
(2176, 1, 33, 'PCO73', '2016-01-10 16:49:34', '201.141.250.192'),
(2177, 1, 55, 'PCO54', '2016-01-10 16:51:31', '201.141.250.192'),
(2178, 1, 120, 'PCO167', '2016-01-10 16:53:33', '201.141.250.192'),
(2179, 1, 90, 'PCO152', '2016-01-10 16:54:02', '201.141.250.192'),
(2180, 1, 125, 'PCO169', '2016-01-10 16:54:20', '201.141.250.192'),
(2181, 20, 78, 'PCO1', '2016-01-10 18:15:03', 'TI20160110207'),
(2182, 10, 78, 'PCO1', '2016-01-10 19:36:48', 'TI20160110208'),
(2183, 10, 78, 'PCO1', '2016-01-10 20:06:51', 'TI20160110209'),
(2184, 99, 78, 'PCO1', '2016-01-10 20:19:12', 'TI20160110210'),
(2185, 99, 78, 'PCO1', '2016-01-10 20:27:32', 'TI20160110211'),
(2186, 1, 125, 'PCO43', '2016-01-16 15:49:43', '187.237.246.92'),
(2188, 1, 205, 'PCO99', '2016-01-17 15:56:06', 'TI20160117212'),
(2189, 1, 280, 'PCO109', '2016-01-17 15:58:08', 'TI20160117212'),
(2190, 1, 90, 'PCO31', '2016-01-17 15:59:36', 'TI20160117212'),
(2191, 1, 85, 'PCO71', '2016-01-17 16:00:05', 'TI20160117212'),
(2192, 1, 195, 'PCO76', '2016-01-17 16:49:42', 'TI20160117213'),
(2193, 1, 140, 'PCO34', '2016-01-17 16:50:39', 'TI20160117213'),
(2194, 1, 160, 'PCO104', '2016-01-17 16:51:20', 'TI20160117213'),
(2195, 1, 75, 'P34', '2016-01-17 17:02:07', '187.233.126.33'),
(2197, 1, 75, 'P34', '2016-01-17 17:03:53', '187.233.126.33'),
(2198, 1, 39, 'PCO179', '2016-01-17 17:04:08', '187.233.126.33'),
(2199, 1, 45, 'PCO25', '2016-01-17 17:04:30', '187.233.126.33'),
(2200, 1, 115, 'PCO41', '2016-01-17 17:05:00', '187.233.126.33'),
(2201, 1, 125, 'PCO168', '2016-01-17 17:06:38', '187.233.126.33'),
(2202, 1, 75, 'P32', '2016-01-17 17:09:56', '187.233.126.33'),
(2203, 1, 17, 'PCO22', '2016-01-17 17:10:58', '187.233.126.33'),
(2204, 1, 17, 'PCO24', '2016-01-17 17:11:26', '187.233.126.33'),
(2205, 1, 115, 'PCO41', '2016-01-17 17:11:42', '187.233.126.33'),
(2206, 1, 125, 'PCO168', '2016-01-17 17:12:01', '187.233.126.33'),
(2207, 10, 78, 'PCO1', '2016-01-18 17:58:20', 'TI20160118214'),
(2217, 1, 115, 'PCO28', '2016-01-18 18:25:09', '201.116.6.193'),
(2218, 1, 115, 'PCO41', '2016-01-18 18:25:14', '201.116.6.193'),
(2219, 1, 160, 'PCO101', '2016-01-18 18:25:20', '201.116.6.193'),
(2220, 1, 140, 'PCO70', '2016-01-18 18:25:27', '201.116.6.193'),
(2221, 10, 78, 'PCO1', '2016-01-18 19:08:42', 'TI20160118215'),
(2222, 10, 78, 'PCO1', '2016-01-18 19:11:45', 'TI20160118216'),
(2223, 1, 140, 'PCO64', '2016-01-18 19:21:57', 'TI20160118217'),
(2224, 1, 185, 'PCO80', '2016-01-18 19:22:03', 'TI20160118217'),
(2225, 1, 70, 'PCO55', '2016-01-18 19:22:09', 'TI20160118217'),
(2226, 1, 70, 'PCO55', '2016-01-18 20:54:34', 'TI20160118218'),
(2227, 1, 150, 'PCO60', '2016-01-18 20:54:42', 'TI20160118218'),
(2228, 10, 78, 'PCO1', '2016-01-20 18:35:39', 'TI20160120219'),
(2229, 1, 195, 'PCO75', '2016-01-20 18:50:16', 'TI20160120220'),
(2230, 10, 78, 'PCO1', '2016-01-21 13:46:19', 'TI20160121221'),
(2231, 10, 78, 'PCO1', '2016-01-21 13:50:04', 'TI20160121222'),
(2232, 10, 78, 'PCO1', '2016-01-21 13:56:51', 'TI20160121223'),
(2233, 10, 78, 'PCO1', '2016-01-21 13:59:11', 'TI20160121224'),
(2234, 2, 195, 'PCO76', '2016-01-21 18:14:26', 'TI20160121225'),
(2235, 4, 70, 'PCO44', '2016-01-23 14:34:59', '189.217.33.230'),
(2236, 2, 70, 'PCO50', '2016-01-23 14:35:22', '189.217.33.230'),
(2237, 1, 160, 'PCO104', '2016-01-23 18:51:49', '187.191.7.11'),
(2238, 1, 60, 'PCO126', '2016-01-23 18:53:12', '187.191.7.11'),
(2239, 1, 160, 'PCO104', '2016-01-23 18:55:45', '187.191.7.11'),
(2240, 2, 30, 'PCO140', '2016-01-23 18:57:16', '187.191.7.11'),
(2241, 1, 160, 'PCO104', '2016-01-23 18:59:10', '187.188.66.4'),
(2242, 2, 30, 'PCO140', '2016-01-23 18:59:32', '187.188.66.4'),
(2243, 1, 110, 'PCO58', '2016-01-24 17:52:04', 'TI20160124226'),
(2244, 1, 110, 'PCO56', '2016-01-24 17:52:07', 'TI20160124226'),
(2245, 2, 47, 'P41', '2016-01-24 17:53:19', 'TI20160124226'),
(2246, 1, 160, 'PCO101', '2016-01-26 15:23:26', '187.190.15.72'),
(2247, 1, 45, 'PCO13', '2016-01-26 15:23:58', '187.190.15.72'),
(2248, 1, 45, 'PCO19', '2016-01-29 14:34:42', 'TI20160129227'),
(2249, 1, 119, 'PCO114', '2016-01-29 14:35:12', 'TI20160129227'),
(2250, 1, 65, 'P38', '2016-01-29 14:35:55', 'TI20160129227'),
(2251, 1, 140, 'PCO66', '2016-01-29 15:01:00', 'TI20160129228'),
(2252, 1, 125, 'PCO168', '2016-01-29 15:02:06', 'TI20160129228'),
(2253, 1, 195, 'PCO76', '2016-01-29 20:22:55', 'TI20160129229'),
(2254, 1, 195, 'PCO78', '2016-01-29 20:23:27', 'TI20160129229'),
(2255, 2, 45, 'PCO17', '2016-01-29 20:24:00', 'TI20160129229'),
(2256, 1, 119, 'PCO115', '2016-01-29 20:25:25', 'TI20160129229'),
(2257, 1, 60, 'PCO126AUX', '2016-01-29 20:26:06', 'TI20160129229'),
(2258, 1, 160, 'PCO107', '2016-01-29 20:26:56', 'TI20160129229'),
(2259, 0, 75, 'PCO47', '2016-01-30 14:34:30', '189.212.206.80'),
(2260, 0, 85, 'PCO71', '2016-01-30 14:36:15', '189.212.206.80'),
(2261, 1, 160, 'PCO101', '2016-01-30 14:39:02', '189.212.206.80'),
(2262, 1, 119, 'PCO115', '2016-01-30 14:39:29', '189.212.206.80'),
(2263, 1, 33, 'PCO182', '2016-01-30 14:40:33', '189.212.206.80'),
(2264, 1, 21, 'idDragon', '2016-01-30 14:42:56', '189.212.206.80'),
(2265, 1, 75, 'PCO47', '2016-01-30 14:43:38', '189.212.206.80'),
(2266, 0, 160, 'PCO101', '2016-01-30 14:43:51', '189.212.206.80'),
(2267, 0, 119, 'PCO115', '2016-01-30 14:44:11', '189.212.206.80'),
(2268, 0, 33, 'PCO182', '2016-01-30 14:44:36', '189.212.206.80'),
(2269, 2, 68, 'PCO4', '2016-01-31 14:15:18', '201.141.22.103'),
(2270, 1, 45, 'PCO13', '2016-01-31 14:16:56', '201.141.22.103'),
(2271, 1, 115, 'PCO28', '2016-01-31 14:17:10', '201.141.22.103'),
(2272, 1, 85, 'PCO65', '2016-01-31 14:18:42', '201.141.22.103'),
(2273, 1, 175, 'PCO86', '2016-01-31 14:20:53', '201.141.22.103'),
(2274, 1, 205, 'PCO98', '2016-01-31 14:22:14', '201.141.22.103'),
(2275, 1, 75, 'P32', '2016-01-31 14:23:25', '201.141.22.103'),
(2276, 2, 68, 'PCO4', '2016-01-31 14:28:35', '201.141.22.103'),
(2277, 1, 175, 'PCO86', '2016-01-31 14:28:52', '201.141.22.103'),
(2278, 1, 205, 'PCO98', '2016-01-31 14:29:03', '201.141.22.103'),
(2279, 1, 75, 'P32', '2016-01-31 14:29:24', '201.141.22.103'),
(2280, 2, 55, 'PCO51', '2016-01-31 15:10:39', '189.217.43.74'),
(2281, 1, 140, 'PCO66', '2016-01-31 15:11:16', '189.217.43.74'),
(2282, 1, 140, 'PCO70', '2016-01-31 15:12:27', '189.217.43.74'),
(2283, 1, 195, 'PCO76', '2016-01-31 15:14:04', '189.217.43.74'),
(2284, 1, 160, 'PCO104', '2016-01-31 15:14:33', '189.217.43.74'),
(2285, 1, 120, 'PCO167', '2016-01-31 15:17:49', '189.217.43.74'),
(2286, 1, 75, 'PCO45', '2016-01-31 15:18:48', '189.217.43.74'),
(2287, 1, 90, 'PCO152', '2016-02-01 15:50:26', 'TI20160201230'),
(2288, 1, 120, 'PCO167', '2016-02-01 15:51:09', 'TI20160201230'),
(2289, 1, 85, 'PCO69', '2016-02-01 15:52:13', 'TI20160201230'),
(2290, 1, 160, 'PCO101', '2016-02-01 15:52:28', 'TI20160201230'),
(2291, 1, 160, 'PCO107', '2016-02-01 18:19:13', 'TI20160201231'),
(2292, 1, 65, 'P38', '2016-02-01 18:20:32', 'TI20160201231'),
(2293, 1, 120, 'PCO167', '2016-02-01 18:21:13', 'TI20160201231'),
(2294, 1, 80, 'PCO162', '2016-02-01 18:27:22', 'TI20160201231'),
(2295, 1, 119, 'PCO114', '2016-02-04 13:06:17', 'TI20160204232'),
(2296, 1, 55, 'PCO54', '2016-02-04 13:07:28', 'TI20160204232'),
(2297, 1, 35, 'P24', '2016-02-04 13:08:21', 'TI20160204232'),
(2298, 99, 78, 'PCO1', '2016-02-05 15:40:29', 'TI20160205233'),
(2299, 1, 45, 'PCO13', '2016-02-05 20:52:51', 'TI20160205234'),
(2300, 1, 45, 'PCO13', '2016-02-05 20:53:07', 'TI20160205234'),
(2301, 1, 17, 'PCO14', '2016-02-05 20:53:09', 'TI20160205234'),
(2302, 1, 120, 'PCO167', '2016-02-05 20:53:24', 'TI20160205234'),
(2303, 1, 130, 'PCO172', '2016-02-05 20:54:04', 'TI20160205234'),
(2304, 1, 175, 'PCO89', '2016-02-05 20:55:31', 'TI20160205234'),
(2305, 1, 85, 'PCO65', '2016-02-05 20:55:45', 'TI20160205234'),
(2306, 1, 160, 'PCO107', '2016-02-06 15:26:19', 'TI20160206235'),
(2307, 1, 119, 'PCO114', '2016-02-06 15:26:50', 'TI20160206235'),
(2308, 1, 130, 'PCO158', '2016-02-06 15:29:07', 'TI20160206235'),
(2309, 1, 140, 'PCO66', '2016-02-06 19:42:55', 'TI20160206236'),
(2310, 1, 120, 'PCO157', '2016-02-06 19:46:28', 'TI20160206236'),
(2311, 1, 90, 'PCO152', '2016-02-06 19:48:41', 'TI20160206236'),
(2312, 1, 160, 'PCO101', '2016-02-06 19:48:56', 'TI20160206236'),
(2313, 1, 195, 'PCO76', '2016-02-06 19:50:13', 'TI20160206236'),
(2316, 1, 140, 'PCO66', '2016-02-07 14:38:33', 'TI20160207237'),
(2318, 1, 45, 'PCO23', '2016-02-07 14:42:36', 'TI20160207237'),
(2319, 1, 45, 'PCO13', '2016-02-08 14:49:17', '200.56.72.12'),
(2320, 1, 45, 'PCO19', '2016-02-08 14:49:29', '200.56.72.12'),
(2321, 1, 70, 'PCO55', '2016-02-08 14:50:58', '200.56.72.12'),
(2322, 1, 195, 'PCO96', '2016-02-08 14:51:58', '200.56.72.12'),
(2323, 1, 160, 'PCO104', '2016-02-08 14:55:23', '200.56.72.12'),
(2324, 1, 140, 'PCO70', '2016-02-10 18:03:57', '187.189.167.97'),
(2325, 2, 115, 'PCO48', '2016-02-10 18:04:07', '187.189.167.97'),
(2326, 1, 160, 'PCO101', '2016-02-10 18:05:30', '187.189.167.97'),
(2327, 1, 150, 'PCO59', '2016-02-10 18:06:43', '187.189.167.97'),
(2328, 1, 190, 'PCO30', '2016-02-10 18:09:32', '187.189.167.97'),
(2329, 1, 150, 'PCO59', '2016-02-10 18:23:28', '187.189.167.97'),
(2330, 1, 150, 'PCO60', '2016-02-10 18:24:26', '187.189.167.97'),
(2331, 1, 125, 'PCO146', '2016-02-10 18:25:08', '187.189.167.97'),
(2332, 1, 125, 'PCO146', '2016-02-10 18:25:16', '187.189.167.97'),
(2333, 1, 140, 'PCO29', '2016-02-10 18:35:06', '187.189.167.97'),
(2334, 1, 140, 'PCO29', '2016-02-10 18:35:06', 'TI20160210238'),
(2335, 2, 115, 'PCO48', '2016-02-10 18:35:10', '187.189.167.97'),
(2336, 2, 115, 'PCO48', '2016-02-10 18:35:10', 'TI20160210238'),
(2337, 1, 140, 'PCO70', '2016-02-10 18:35:21', '187.189.167.97'),
(2338, 1, 140, 'PCO70', '2016-02-10 18:35:21', 'TI20160210238'),
(2339, 2, 150, 'PCO59', '2016-02-10 18:35:28', 'TI20160210238'),
(2340, 2, 150, 'PCO59', '2016-02-10 18:35:28', '187.189.167.97'),
(2341, 1, 160, 'PCO101', '2016-02-10 18:35:34', '187.189.167.97'),
(2342, 1, 160, 'PCO101', '2016-02-10 18:35:35', 'TI20160210238'),
(2343, 2, 125, 'PCO146', '2016-02-10 18:35:42', '187.189.167.97'),
(2344, 2, 125, 'PCO146', '2016-02-10 18:35:43', 'TI20160210238'),
(2345, 1, 119, 'PCO114', '2016-02-11 14:57:51', '132.248.54.67'),
(2346, 1, 115, 'PCO155', '2016-02-11 14:58:25', '132.248.54.67'),
(2347, 1, 140, 'PCO64', '2016-02-11 15:50:27', 'TI20160211239'),
(2348, 1, 110, 'PCO58', '2016-02-11 15:52:47', 'TI20160211239'),
(2349, 1, 78, 'PCO1', '2016-02-12 18:34:39', '189.209.87.154'),
(2350, 1, 17, 'PCO26', '2016-02-12 18:35:07', '189.209.87.154'),
(2351, 1, 90, 'PCO31', '2016-02-12 18:35:37', '189.209.87.154'),
(2352, 1, 150, 'PCO32', '2016-02-12 18:35:54', '189.209.87.154'),
(2353, 1, 115, 'PCO161', '2016-02-13 13:36:56', '201.141.242.102'),
(2354, 1, 80, 'PCO40', '2016-02-13 13:37:48', '201.141.242.102'),
(2355, 1, 140, 'PCO66', '2016-02-13 13:38:08', '201.141.242.102'),
(2356, 3, 70, 'PCO50', '2016-02-13 17:27:39', '187.237.231.69'),
(2357, 1, 140, 'PCO29', '2016-02-13 17:28:16', '187.237.231.69'),
(2358, 1, 110, 'PCO154', '2016-02-13 19:58:29', 'TI20160213240'),
(2359, 1, 120, 'PCO157', '2016-02-13 20:00:05', 'TI20160213240'),
(2360, 2, 140, 'PCO29', '2016-02-14 20:23:40', '189.249.15.125'),
(2361, 2, 140, 'PCO34', '2016-02-14 20:24:06', '189.249.15.125'),
(2362, 1, 70, 'PCO50', '2016-02-19 21:28:41', '187.190.156.79'),
(2363, 1, 105, 'PCO39', '2016-02-19 21:29:01', '187.190.156.79'),
(2364, 1, 115, 'PCO41', '2016-02-19 21:29:09', '187.190.156.79'),
(2365, 1, 140, 'PCO70', '2016-02-19 21:29:33', '187.190.156.79'),
(2366, 1, 205, 'PCO98', '2016-02-19 21:30:34', '187.190.156.79'),
(2367, 1, 80, 'PCO162', '2016-02-19 21:31:50', '187.190.156.79'),
(2368, 1, 175, 'PCO86', '2016-02-20 16:13:32', 'TI20160220241'),
(2369, 1, 175, 'PCO91', '2016-02-20 16:14:56', 'TI20160220241'),
(2370, 1, 160, 'PCO101', '2016-02-20 16:15:12', 'TI20160220241'),
(2371, 1, 140, 'PCO66', '2016-02-20 16:17:27', 'TI20160220241'),
(2372, 1, 205, 'PCO95', '2016-02-20 16:18:25', 'TI20160220241'),
(2373, 2, 21, 'idDragon', '2016-02-20 16:19:41', 'TI20160220241'),
(2374, 1, 21, 'idChabacano', '2016-02-20 16:19:52', 'TI20160220241'),
(2375, 1, 21, 'idHunan', '2016-02-20 16:20:17', 'TI20160220241'),
(2376, 99, 78, 'PCO1', '2016-02-20 19:38:54', 'TI20160220242'),
(2377, 99, 78, 'PCO1', '2016-02-20 19:42:12', 'TI20160220243'),
(2378, 99, 78, 'PCO1', '2016-02-20 19:42:22', 'TI20160220243'),
(2379, 1, 115, 'PCO28', '2016-02-21 17:00:50', '189.203.218.41'),
(2380, 1, 115, 'PCO28', '2016-02-21 17:01:34', '189.203.218.41'),
(2381, 2, 140, 'PCO29', '2016-02-21 17:03:33', '189.203.218.41'),
(2382, 1, 195, 'PCO76', '2016-02-23 16:48:24', '187.214.253.68'),
(2383, 1, 160, 'PCO101', '2016-02-23 16:48:42', '187.214.253.68'),
(2384, 1, 160, 'PCO103', '2016-02-23 16:50:29', '187.214.253.68'),
(2385, 1, 160, 'PCO104', '2016-02-23 16:51:22', '187.214.253.68'),
(2386, 1, 160, 'PCO103', '2016-02-23 16:52:55', '187.214.253.68'),
(2387, 1, 160, 'PCO101', '2016-02-23 16:52:59', '187.214.253.68'),
(2388, 1, 160, 'PCO104', '2016-02-23 16:53:03', '187.214.253.68'),
(2389, 1, 70, 'PCO44', '2016-02-23 16:54:44', '187.214.253.68'),
(2390, 1, 195, 'PCO75', '2016-02-23 16:55:25', '187.214.253.68'),
(2391, 2, 150, 'PCO60', '2016-02-23 17:14:23', 'TI20160223244'),
(2392, 2, 110, 'PCO56', '2016-02-23 17:18:06', 'TI20160223245'),
(2393, 1, 185, 'PCO80', '2016-02-23 19:22:14', 'TI20160223246'),
(2394, 1, 125, 'PCO169', '2016-02-26 13:40:12', '189.217.138.95'),
(2395, 1, 115, 'PCO156', '2016-02-26 13:40:35', '189.217.138.95'),
(2396, 1, 17, 'PCO12', '2016-02-26 13:41:32', '189.217.138.95'),
(2397, 1, 110, 'PCO6', '2016-02-26 13:42:08', '189.217.138.95'),
(2398, 1, 195, 'PCO92', '2016-02-26 13:43:03', '189.217.138.95'),
(2399, 1, 125, 'PCO43', '2016-02-26 13:44:16', '189.217.138.95'),
(2400, 1, 70, 'PCO44', '2016-02-26 13:44:47', '189.217.138.95'),
(2401, 1, 145, 'PCO118', '2016-02-26 13:47:08', '189.217.138.95'),
(2402, 1, 160, 'PCO77', '2016-02-26 14:24:50', 'TI20160226247'),
(2403, 1, 55, 'PCO54', '2016-02-26 14:25:18', 'TI20160226247'),
(2404, 1, 119, 'PCO115', '2016-02-26 20:55:19', '187.214.239.124'),
(2405, 1, 145, 'PCO117', '2016-02-26 20:56:04', '187.214.239.124'),
(2406, 1, 33, 'PCO73', '2016-02-26 21:01:29', '187.214.239.124'),
(2407, 1, 105, 'PCO35', '2016-02-26 21:02:13', '187.214.239.124'),
(2408, 1, 70, 'PCO55', '2016-02-26 21:02:41', '187.214.239.124'),
(2409, 1, 85, 'PCO71', '2016-02-26 21:15:08', '189.217.251.45'),
(2410, 1, 55, 'PCO67', '2016-02-27 18:08:58', 'TI20160227249'),
(2411, 1, 160, 'PCO101', '2016-02-27 18:09:10', 'TI20160227249'),
(2412, 1, 160, 'PCO159', '2016-02-28 16:36:32', '189.217.173.232'),
(2413, 1, 78, 'PCO1', '2016-02-28 17:28:23', 'TI20160228250'),
(2414, 1, 190, 'PCO30', '2016-02-28 17:28:51', 'TI20160228250'),
(2415, 1, 160, 'PCO101', '2016-02-28 17:29:29', 'TI20160228250'),
(2416, 1, 25, 'PCO135', '2016-02-28 17:30:14', 'TI20160228250'),
(2417, 1, 75, 'idTuna', '2016-02-28 17:30:35', 'TI20160228250'),
(2419, 99, 78, 'PCO1', '2016-02-28 18:08:45', 'TI20160228251'),
(2420, 99, 78, 'PCO1', '2016-02-28 18:12:06', 'TI20160228252'),
(2421, 2, 17, 'PCO12', '2016-03-03 14:15:40', '189.217.145.31'),
(2422, 1, 125, 'PCO43', '2016-03-03 14:16:06', '189.217.145.31'),
(2423, 1, 140, 'PCO66', '2016-03-03 14:16:49', '189.217.145.31'),
(2424, 1, 160, 'PCO159', '2016-03-03 14:19:14', '189.217.145.31'),
(2425, 1, 130, 'PCO172', '2016-03-03 14:20:12', '189.217.145.31'),
(2426, 2, 160, 'PCO101', '2016-03-04 16:56:34', '187.210.189.246'),
(2427, 1, 100, 'PCO68', '2016-03-04 16:57:41', '187.210.189.246'),
(2428, 1, 110, 'PCO154', '2016-03-04 16:58:54', '187.210.189.246'),
(2429, 2, 160, 'PCO101', '2016-03-04 17:01:29', '187.210.189.246'),
(2430, 1, 110, 'PCO154', '2016-03-04 17:02:45', '187.210.189.246'),
(2431, 1, 115, 'PCO156', '2016-03-05 18:06:47', '189.249.186.89'),
(2432, 1, 160, 'PCO102', '2016-03-05 18:08:46', '189.249.186.89'),
(2433, 2, 85, 'PCO65', '2016-03-05 18:08:58', '189.249.186.89'),
(2434, 1, 140, 'PCO64', '2016-03-05 18:09:07', '189.249.186.89'),
(2435, 1, 110, 'PCO6', '2016-03-06 15:29:29', '201.141.252.154'),
(2436, 1, 140, 'PCO29', '2016-03-06 15:30:25', '201.141.252.154'),
(2437, 1, 195, 'PCO76', '2016-03-06 15:30:35', '201.141.252.154'),
(2438, 1, 175, 'PCO86', '2016-03-06 15:32:59', '201.141.252.154'),
(2439, 1, 175, 'PCO85', '2016-03-06 15:33:03', '201.141.252.154'),
(2440, 1, 185, 'PCO80', '2016-03-09 19:27:52', '187.232.89.164'),
(2441, 2, 185, 'PCO148', '2016-03-09 19:28:35', '187.232.89.164'),
(2442, 1, 35, 'P25', '2016-03-09 19:33:50', '199.116.169.254'),
(2443, 4, 35, 'P25', '2016-03-09 19:33:50', '200.34.165.32'),
(2444, 1, 90, 'PCO31', '2016-03-10 15:49:17', '200.94.68.50'),
(2445, 1, 140, 'PCO34', '2016-03-10 15:49:38', '200.94.68.50'),
(2446, 1, 70, 'PCO50', '2016-03-10 15:49:46', '200.94.68.50'),
(2447, 1, 195, 'PCO75', '2016-03-10 15:50:04', '200.94.68.50'),
(2448, 1, 195, 'PCO76', '2016-03-10 15:50:11', '200.94.68.50'),
(2449, 1, 205, 'PCO79', '2016-03-12 17:28:25', '189.135.18.172'),
(2451, 0, 119, 'PCO114', '2016-03-12 20:18:28', 'TI20160312253'),
(2452, 0, 50, 'PCO129AUX', '2016-03-12 20:19:13', 'TI20160312253'),
(2453, 0, 105, 'PCO147', '2016-03-12 20:22:35', 'TI20160312253'),
(2454, 0, 105, 'PCO147', '2016-03-12 20:24:03', 'TI20160312253'),
(2455, 1, 105, 'PCO147', '2016-03-12 20:26:30', 'TI20160312253'),
(2456, 1, 37, '2pro', '2016-03-12 20:28:40', 'TI20160312253'),
(2457, 1, 175, 'PCO89', '2016-03-12 20:34:31', 'TI20160312254'),
(2458, 1, 33, 'PCO185', '2016-03-12 20:35:50', 'TI20160312254'),
(2459, 2, 160, 'PCO101', '2016-03-13 13:52:52', '187.188.66.35'),
(2460, 1, 140, 'PCO66', '2016-03-13 13:53:13', '187.188.66.35'),
(2461, 1, 110, 'PCO6', '2016-03-13 13:55:16', '187.188.66.35'),
(2462, 1, 75, 'PCO45', '2016-03-13 17:17:50', '187.189.164.62'),
(2463, 1, 195, 'PCO75', '2016-03-13 17:18:34', '187.189.164.62'),
(2464, 1, 365, 'P22', '2016-03-14 13:44:08', '199.116.169.254'),
(2465, 1, 365, 'P22', '2016-03-14 13:44:08', '199.91.135.165'),
(2467, 1, 365, 'P22', '2016-03-14 13:44:09', '185.2.196.196'),
(2468, 1, 75, 'P32', '2016-03-14 14:10:21', 'TI20160314255'),
(2469, 1, 140, 'PCO72', '2016-03-14 14:13:22', 'TI20160314255'),
(2470, 2, 85, 'PCO65', '2016-03-14 21:05:32', 'TI20160314256'),
(2471, 1, 150, 'PCO173', '2016-03-14 21:09:28', 'TI20160314256'),
(2472, 1, 115, 'PCO161', '2016-03-14 21:09:42', 'TI20160314256'),
(2473, 1, 115, 'PCO155', '2016-03-14 21:11:28', 'TI20160314256'),
(2474, 1, 120, 'PCO157', '2016-03-14 21:11:47', 'TI20160314256'),
(2475, 1, 140, 'PCO34', '2016-03-17 21:01:57', 'TI20160317257'),
(2476, 2, 70, 'PCO44', '2016-03-17 21:02:29', 'TI20160317257'),
(2477, 1, 160, 'PCO107', '2016-03-17 21:03:04', 'TI20160317257'),
(2478, 1, 140, 'PCO66', '2016-03-18 19:15:35', 'TI20160318258'),
(2479, 1, 280, 'PCO110', '2016-03-18 19:16:55', 'TI20160318258'),
(2480, 1, 205, 'PCO94', '2016-03-18 19:18:16', 'TI20160318258'),
(2481, 1, 85, 'PCO65', '2016-03-19 13:51:34', '189.147.97.152'),
(2482, 3, 17, 'PCO12', '2016-03-19 19:35:26', 'TI20160319259'),
(2483, 1, 195, 'PCO76', '2016-03-19 19:36:35', 'TI20160319259'),
(2484, 1, 55, 'PCO52', '2016-03-19 19:37:36', 'TI20160319259'),
(2485, 1, 115, 'PCO28', '2016-03-21 19:08:35', 'TI20160321260'),
(2486, 1, 45, 'PCO19', '2016-03-21 19:09:27', 'TI20160321260'),
(2487, 1, 205, 'PCO98', '2016-03-21 19:10:24', 'TI20160321260'),
(2488, 1, 70, 'PCO50', '2016-03-21 19:28:21', 'TI20160321261'),
(2489, 1, 175, 'PCO90', '2016-03-21 19:30:33', 'TI20160321261'),
(2490, 1, 175, 'PCO85', '2016-03-21 19:31:16', 'TI20160321261'),
(2491, 1, 110, 'PCO7', '2016-03-21 19:31:26', 'TI20160321261'),
(2492, 1, 160, 'PCO77', '2016-03-21 19:34:40', 'TI20160321261'),
(2493, 1, 119, 'PCO114', '2016-03-22 13:01:08', 'TI20160322262'),
(2494, 1, 65, 'idUnaguiAUX', '2016-03-22 13:01:34', 'TI20160322262'),
(2495, 1, 55, 'PCO52', '2016-03-22 13:03:11', 'TI20160322262'),
(2496, 1, 140, 'PCO29', '2016-03-23 13:05:19', 'TI20160323264'),
(2497, 1, 140, 'PCO66', '2016-03-23 13:07:29', 'TI20160323264'),
(2498, 1, 175, 'PCO85', '2016-03-23 13:09:04', 'TI20160323264'),
(2499, 1, 21, 'idDragon', '2016-03-23 13:09:52', 'TI20160323264'),
(2500, 1, 110, 'PCO6', '2016-03-26 17:52:17', '201.141.203.217'),
(2501, 1, 85, 'PCO69', '2016-03-26 17:55:36', '201.141.203.217'),
(2502, 1, 80, 'PCO162', '2016-03-26 17:59:39', '201.141.203.217'),
(2503, 1, 175, 'PCO88', '2016-03-26 18:02:14', '201.141.203.217'),
(2504, 1, 160, 'PCO102', '2016-03-26 18:04:06', '201.141.203.217'),
(2505, 1, 119, 'PCO114', '2016-03-28 13:01:24', 'TI20160328265'),
(2506, 1, 65, 'idUnaguiAUX', '2016-03-28 13:01:44', 'TI20160328265'),
(2507, 1, 140, 'PCO66', '2016-03-28 18:49:45', '187.207.23.176'),
(2508, 1, 110, 'PCO58', '2016-03-28 18:50:37', '187.207.23.176'),
(2509, 1, 205, 'PCO100', '2016-03-28 18:52:12', '187.207.23.176'),
(2510, 1, 115, 'PCO155', '2016-03-28 18:56:45', '187.207.23.176'),
(2511, 1, 115, 'PCO161', '2016-03-28 19:02:50', '187.207.23.176'),
(2512, 1, 150, 'PCO59', '2016-03-28 19:03:31', '187.207.23.176'),
(2513, 3, 79, 'idSapporosilver', '2016-03-28 19:06:16', '187.207.23.176'),
(2514, 1, 115, 'PCO155', '2016-03-28 19:08:25', '187.207.23.176'),
(2515, 2, 175, 'PCO90', '2016-03-30 14:18:40', '187.207.237.230'),
(2516, 2, 175, 'PCO90', '2016-03-30 14:19:05', '187.207.237.230'),
(2517, 2, 175, 'PCO90', '2016-03-30 14:20:01', '187.207.237.230'),
(2518, 2, 175, 'PCO90', '2016-03-30 14:20:47', '187.207.237.230'),
(2519, 1, 115, 'PCO41', '2016-05-03 20:37:23', '66.249.80.6'),
(2520, 1, 85, 'PCO65', '2016-05-03 20:37:35', '66.249.80.24'),
(2521, 1, 160, 'PCO101', '2016-05-03 20:38:01', '66.249.80.6'),
(2522, 1, 195, 'PCO78', '2016-05-03 20:38:13', '66.249.80.6'),
(2523, 1, 115, 'PCO41', '2016-05-03 20:39:30', '66.249.80.6'),
(2524, 1, 140, 'PCO64', '2016-05-05 13:53:07', 'TI20160505266'),
(2525, 1, 125, 'PCO168', '2016-05-05 13:53:37', 'TI20160505266'),
(2529, 1, 160, 'PCO103', '2016-05-06 16:06:36', 'TI20160506267'),
(2530, 1, 175, 'PCO87', '2016-05-06 16:06:47', 'TI20160506267'),
(2531, 1, 78, 'PCO2', '2016-05-08 13:26:21', 'TI20160508269'),
(2532, 1, 45, 'PCO25', '2016-05-08 13:37:33', 'TI20160508269'),
(2533, 1, 140, 'PCO29', '2016-05-08 13:49:25', 'TI20160508269'),
(2534, 1, 80, 'PCO40', '2016-05-08 13:50:58', 'TI20160508269'),
(2535, 1, 140, 'PCO34', '2016-05-08 13:51:08', 'TI20160508269'),
(2536, -1, 80, 'PCO40', '2016-05-08 13:52:16', 'TI20160508269'),
(2537, 1, 95, 'P31', '2016-05-08 13:55:20', 'TI20160508269'),
(2538, 1, 175, 'PCO90', '2016-05-08 14:06:04', 'TI20160508268'),
(2539, 1, 85, 'PCO63', '2016-05-08 14:06:43', 'TI20160508268'),
(2540, 1, 140, 'PCO64', '2016-05-08 16:09:51', '201.141.44.187'),
(2541, 1, 140, 'PCO66', '2016-05-08 16:10:04', '201.141.44.187'),
(2542, 1, 205, 'PCO93', '2016-05-08 17:21:26', '201.149.61.5'),
(2543, 1, 21, 'idChabacano', '2016-05-08 17:28:24', '201.149.61.5'),
(2544, 1, 195, 'PCO75', '2016-05-09 15:52:22', '189.216.63.205'),
(2545, 2, 70, 'PCO50', '2016-05-09 15:52:38', '189.216.63.205'),
(2546, 2, 495, 'PCO108', '2016-05-09 16:16:27', '187.234.172.89'),
(2547, 3, 195, 'PCO75', '2016-05-09 16:18:30', '187.234.172.89'),
(2548, 3, 140, 'PCO29', '2016-05-09 16:19:23', '187.234.172.89'),
(2549, 3, 190, 'PCO30', '2016-05-09 16:19:29', '187.234.172.89'),
(2550, 1, 175, 'PCO91', '2016-05-10 15:02:33', '189.209.30.150'),
(2551, 1, 175, 'PCO89', '2016-05-10 15:03:07', '189.209.30.150'),
(2552, 1, 160, 'PCO105', '2016-05-10 15:03:32', '189.209.30.150'),
(2553, 1, 160, 'PCO77', '2016-05-10 15:03:50', '189.209.30.150'),
(2554, 1, 110, 'PCO58', '2016-05-10 15:04:51', '189.209.30.150'),
(2555, 1, 45, 'PCO27', '2016-05-10 15:05:35', '189.209.30.150'),
(2556, 1, 78, 'PCO8', '2016-05-10 15:06:41', '189.209.30.150'),
(2557, 1, 110, 'PCO9', '2016-05-10 15:06:50', '189.209.30.150'),
(2558, 1, 185, 'PCO148', '2016-05-11 17:01:03', 'TI20160511270'),
(2559, 1, 125, 'PCO43', '2016-05-11 17:02:01', 'TI20160511270'),
(2560, 1, 70, 'PCO44', '2016-05-13 17:48:33', '189.217.87.72');

-- --------------------------------------------------------

--
-- Estructura de tabla para la tabla `producto`
--

CREATE TABLE IF NOT EXISTS `producto` (
  `idProducto` varchar(45) NOT NULL,
  `Nombre` varchar(45) DEFAULT NULL,
  `Descripcion` varchar(450) DEFAULT NULL,
  `estado` int(11) DEFAULT NULL,
  `idCategoria` varchar(45) NOT NULL,
  `idSubCategoria` varchar(45) NOT NULL,
  `precio` float DEFAULT NULL,
  `url` varchar(45) DEFAULT NULL,
  PRIMARY KEY (`idProducto`),
  KEY `fk_Producto_Categoria_idx` (`idCategoria`),
  KEY `fk_Producto_SubCategoria1_idx` (`idSubCategoria`)
) ENGINE=InnoDB DEFAULT CHARSET=utf8;

--
-- Volcado de datos para la tabla `producto`
--

INSERT INTO `producto` (`idProducto`, `Nombre`, `Descripcion`, `estado`, `idCategoria`, `idSubCategoria`, `precio`, `url`) VALUES
('2pro', ' Porción de Salmón', 'Porción de 80 gr de Salmón.', 1, 'ZEXTRAS', 'EXTRAS', 37, '-'),
('EXTRA01', 'Porción de Pescado', 'Porción de 80 gr de pescado.', 1, 'ZEXTRAS', 'EXTRAS', 37, '1.jpg'),
('EXTRA02', 'Tampico', '88 gr de Tampico.', 1, 'ZEXTRAS', 'EXTRAS', 21, '1.jpg'),
('EXTRA03', 'Orden de Papas', 'Orden de 200 gr de papas a la francesa.', 1, 'ZEXTRAS', 'EXTRAS', 41, '1.jpg'),
('EXTRA05', 'Queso por fuera/por dentro', 'Queso por fuera/por dentro.', 1, 'ZEXTRAS', 'EXTRAS', 21, '1.jpg'),
('EXTRA06', 'Salsa Anguila', '50 ml de Salsa Anguila.', 1, 'ZEXTRAS', 'EXTRAS', 21, '1.jpg'),
('EXTRA07', 'Aderezo', '50 ml de Aderezo *Especificar en su pedido que aderezo desea.', 1, 'ZEXTRAS', 'EXTRAS', 16, '1.jpg'),
('idChabacano', 'Chabacano', 'Salsa dulce.', 1, 'ZEXTRAS', 'EXTRAS', 21, '-'),
('idChipotle', 'Chipotle', 'Salsa cremosa de chipotle.', 1, 'ZEXTRAS', 'EXTRAS', 21, '-'),
('idCiruela', 'Ciruela', 'Salsa dulce de ciruela', 1, 'ZEXTRAS', 'EXTRAS', 21, '-'),
('idDragon', 'Dragón', 'Salsa picante', 1, 'ZEXTRAS', 'EXTRAS', 21, '-'),
('idHamachi', 'Hamachi Especial', 'Cono de algo con arroz, lechuga, masago, salsa spicy, microgreen, ajo frito y Hamachi', 1, 'JAPONESA', 'TEMAKICLASICO', 115, '1.jpg'),
('idHunan', 'Hunan', 'Salsa agridulce con ajonjolí', 1, 'ZEXTRAS', 'EXTRAS', 21, '-'),
('idODouls', 'O´Douls', 'O´Douls', 1, '2_BEBIDAS', 'ALCOHOL', 40, '1.jpg'),
('idperrier', 'Perrier', 'Perrier', 1, '2_BEBIDAS', 'REFRESCOS', 48, '1.jpg'),
('idPonzu', 'Ponzu', 'Salsa Soya', 1, 'ZEXTRAS', 'EXTRAS', 21, '-'),
('Idporciondeatun', 'Porción de Atún', 'Porción de 80 gr de Atún.', 1, 'ZEXTRAS', 'EXTRAS', 37, '-'),
('idSake', 'Sake Especial', 'Cono de algo con arroz, lechuga, masago, salsa spicy, microgreen, ajo frito y Sake', 1, 'JAPONESA', 'TEMAKICLASICO', 75, '1.jpg'),
('idSapporosilver', 'Sapporo silver', 'Sapporo silver', 1, '2_BEBIDAS', 'ALCOHOL', 79, '1.jpg'),
('idTuna', 'Tuna Especial', 'Cono de algo con arroz, lechuga, masago, salsa spicy, microgreen, ajo frito y Tuna', 1, 'JAPONESA', 'TEMAKICLASICO', 75, '1.jpg'),
('idUnagui', 'Unagui con Cono de Pepino', 'Cono de pepino con unagui.', 1, 'JAPONESA', 'TEMAKICLASICO', 65, '1.jpg'),
('idUnaguiAUX', 'Unagui con Cono de Alga', 'Cono de alga con unagui.', 1, 'JAPONESA', 'TEMAKICLASICO', 65, '1.jpg'),
('P1', 'Portillo 750 mL', 'Merlot.', 1, '2_BEBIDAS', 'VinoTinto', 370, '1.jpg'),
('P10', 'Casa Madero Shiraz 750 mL', 'Shiraz.', 1, '2_BEBIDAS', 'VinoTinto', 490, '1.jpg'),
('P11', 'Casa Madero Shiraz 375 mL', 'Shiraz.', 1, '2_BEBIDAS', 'VinoTinto', 260, '1.jpg'),
('P13', 'Casa Madero Cabernet 750 mL', 'Cabernet.', 1, '2_BEBIDAS', 'VinoTinto', 490, '1.jpg'),
('P14', 'Casa Madero Cabernet 375 mL', 'Cabernet.', 1, '2_BEBIDAS', 'VinoTinto', 260, '1.jpg'),
('P16', 'Matarromera 750 mL', 'Tempranillo.', 1, '2_BEBIDAS', 'VinoTinto', 900, '1.jpg'),
('P17', 'Matarromera 375 mL', 'Tempranillo.', 1, '2_BEBIDAS', 'VinoTinto', 455, '1.jpg'),
('P18', 'Santa Digna Rosado 750 mL', 'Cabernet.', 1, '2_BEBIDAS', 'VinoRosado', 360, '1.jpg'),
('P20', 'V Casa Madero 750 mL', 'Cabernet.', 1, '2_BEBIDAS', 'VinoRosado', 370, '1.jpg'),
('P21', 'Vina Esmeralda 750 mL', 'Gewuztraminer', 1, '2_BEBIDAS', 'VinoBlanco', 215, '1.jpg'),
('P22', 'Diamante 750 mL', 'Viura', 1, '2_BEBIDAS', 'VinoBlanco', 365, '1.jpg'),
('P24', 'Blueberry', '-', 1, '2_BEBIDAS', 'TheBerryCompany', 35, '1.jpg'),
('P25', 'Acai Berry', '-', 1, '2_BEBIDAS', 'TheBerryCompany', 35, '1.jpg'),
('P26', 'Pomegranate', '-', 1, '2_BEBIDAS', 'TheBerryCompany', 35, '1.jpg'),
('P27', 'Superberries red', '-', 1, '2_BEBIDAS', 'TheBerryCompany', 35, '1.jpg'),
('P28', 'Cranberry', '-', 1, '2_BEBIDAS', 'TheBerryCompany', 35, '1.jpg'),
('P29', 'Goji Berry', '-', 1, '2_BEBIDAS', 'TheBerryCompany', 35, '1.jpg'),
('P3', 'Santa Digna 750 mL', 'Cabernet.', 1, '2_BEBIDAS', 'VinoTinto', 420, '1.jpg'),
('P30', 'Superberries Purple', '-', 1, '2_BEBIDAS', 'TheBerryCompany', 35, '1.jpg'),
('P31', 'Bento Sampler', 'Mochi de té verde, mini tempura helado, mini cono de mango y banana spring roll con dip de chocolate.', 1, 'POSTRES', 'Postres', 95, '1.jpg'),
('P32', 'Fuji Volcano', 'Pastel de chocolate con hot fudge y helado de vainilla.', 1, 'POSTRES', 'Postres', 75, '1.jpg'),
('P33', 'Banana Mitzu', 'Plátano tempura con miel, coco y helado de vainilla.', 1, 'POSTRES', 'Postres', 65, '1.jpg'),
('P34', 'Cheese Cake', 'Pastel de queso con helado y topping de fresa, zarzamora, fudge de chocolate o cajeta.', 1, 'POSTRES', 'Postres', 75, '1.jpg'),
('P35', 'Kaju Cones', 'Tres conitos de lychee, mango, manzana y crema pastelera.', 1, 'POSTRES', 'Postres', 65, '1.jpg'),
('P36', 'Asian Tower', 'Torre de wonton crujiente con frutos del bosque y crema pastelera.', 1, 'POSTRES', 'Postres', 65, '1.jpg'),
('P37', 'Sweet Spring Roll', 'Crujientes rollitos primavera de plátano, piña, coco, y frutos del bosque con fudge de chocolate para dip.', 1, 'POSTRES', 'Postres', 70, '1.jpg'),
('P38', 'Midori Mein', 'Gelatina de midori con moras de melón con crema inglesa de cardamomo.', 1, 'POSTRES', 'Postres', 65, '1.jpg'),
('P39', 'Tempura Helado', 'Helado de vainilla envuelto en un panecillo crujiente con topping de fresa, fudge de chocolate o cajeta.', 1, 'POSTRES', 'Postres', 75, '1.jpg'),
('p3Extra', 'Porción de Camarón', 'Porción de 30 gr de Camarón', 1, 'ZEXTRAS', 'EXTRAS', 37, '-'),
('P4', 'Santa Digna 375 mL', 'Cabernet.', 1, '2_BEBIDAS', 'VinoTinto', 240, '1.jpg'),
('P40', 'Trio Creme Brulee', 'De jengibre, lemon grass y ajonjolí negro.', 1, 'POSTRES', 'Postres', 70, '1.jpg'),
('P41', 'Verde Jazmin (Verde)', '-', 1, '2_BEBIDAS', 'Jarradetes', 47, '1.jpg'),
('P42', 'Dragon Blend (Tisana)', '-', 1, '2_BEBIDAS', 'Jarradetes', 47, '1.jpg'),
('P43', 'Teallenium (Verde)', '-', 1, '2_BEBIDAS', 'Jarradetes', 47, '1.jpg'),
('P44', 'Verde Chai (Verde)', '-', 1, '2_BEBIDAS', 'Jarradetes', 47, '1.jpg'),
('P45', 'Genmai Matcha', '-', 1, '2_BEBIDAS', 'Jarradetes', 47, '1.jpg'),
('P46', 'Cherry Banana (Tisana)', '-', 1, '2_BEBIDAS', 'Jarradetes', 47, '1.jpg'),
('P47', 'Moscu (Tisana)*', '-', 1, '2_BEBIDAS', 'Jarradetes', 47, '1.jpg'),
('P48', 'Oriental Spice (Negro)', '-', 1, '2_BEBIDAS', 'Jarradetes', 47, '1.jpg'),
('P49', 'Exotic cinnamon (Negro)', '-', 1, '2_BEBIDAS', 'Jarradetes', 47, '1.jpg'),
('P50', 'Coco Thai (Blanco)', '-', 1, '2_BEBIDAS', 'Jarradetes', 47, '1.jpg'),
('P51', 'Chocomint (Negro)', '-', 1, '2_BEBIDAS', 'Jarradetes', 47, '1.jpg'),
('P52', 'Puerl Nepal (Rojo)', '-', 1, '2_BEBIDAS', 'Jarradetes', 47, '1.jpg'),
('P6', 'Sangre de Toro 375 mL', 'Garnacha, mazuelo.', 1, '2_BEBIDAS', 'VinoTinto', 245, '1.jpg'),
('P7', 'Gran Sangre de Toro 750 mL', 'Garnacha, mazuelo y tempranillo.', 1, '2_BEBIDAS', 'VinoTinto', 450, '1.jpg'),
('P9', 'Cune Rioja 750 mL', 'Garnacha, tempranillo y mazuelo.', 1, '2_BEBIDAS', 'VinoTinto', 450, '1.jpg'),
('PCO1', 'Beef Spring Roll', '2 Rollos de filete de res con pimiento asado, verduras , sazonados con ingredientes orientales y chutney de mango', 1, '1_ASIATICA', 'DIMSUM', 78, '1.jpg'),
('PCO10', 'Dumpling de Pescado', '1 Dumpling relleno de pescado.', 1, '1_ASIATICA', 'DIMSUM', 17, '1.jpg'),
('PCO100', 'Salmón Grill', 'Salmón a la parrilla con mantequilla de jengibre, kanikama y verduras salteadas al wok (incluye un tazón de arroz jazmín para acompañar).', 1, '1_ASIATICA', 'PESCADOSMARISCOS', 205, '1.jpg'),
('PCO101', 'Pollo Hunan', 'Crujients trozos de pollo con ajonjolí salteados en salsa especial (incluye un tazón de arroz jazmín para acompañar).', 1, '1_ASIATICA', 'AVES', 160, '1.jpg'),
('PCO102', 'Pollo Asian Bistro', 'Suaves láminas de pollo con brócoli al wok y salsa de ciruela (incluye un tazón de arroz jazmín para acompañar).', 1, '1_ASIATICA', 'AVES', 160, '1.jpg'),
('PCO103', 'Pollo Kung Pao', 'Láminas de pollo con cacahuate y castaña, salteado al wok con salsa ligeramente picante (incluye un tazón de arroz jazmín para acompañar).', 1, '1_ASIATICA', 'AVES', 160, '1.jpg'),
('PCO104', 'Pollo al Orange', 'Delicioso pollo salteado al wok en salsa otriental a la naranja (incluye un tazón de arroz jazmín para acompañar).', 1, '1_ASIATICA', 'AVES', 160, '1.jpg'),
('PCO105', 'Pollo al Curry', 'Láminas de pollo con vegetales verdes salteados en salsa de curry Thai (incluye un tazón de arroz jazmín para acompañar).', 1, '1_ASIATICA', 'AVES', 160, '1.jpg'),
('PCO106', 'Bonsai Chicken', 'Esparragos envueltos en pollo, bañados en salsa hunan y arroz jazmín.', 1, '1_ASIATICA', 'AVES', 160, '1.jpg'),
('PCO107', 'Pollo Thai ', 'Trozos de pollo con piña y vegetales, salteados en salsa agridulce.', 1, '1_ASIATICA', 'AVES', 160, '1.jpg'),
('PCO108', 'Pato Pekin', 'Tradicional pato laqueado servido con crepas, cebollín, pepino y salsa de ciruela.', 1, '1_ASIATICA', 'AVES', 495, '1.jpg'),
('PCO109', 'Media Orden Pato Pekin ', 'Tradicional pato laqueado servido con crepas, cebollín, pepino y salsa de ciruela.', 1, '1_ASIATICA', 'AVES', 280, '1.jpg'),
('PCO11', 'Orden de Dumplings de Pescado', 'Orden de 3 Dumplings relleno de pescado.', 1, '1_ASIATICA', 'DIMSUM', 45, '1.jpg'),
('PCO110', 'Pato Yalong', 'Medio pato ligeramente ahumado en jazmín y anís con verduras al wok en salsa china de jengibre.', 1, '1_ASIATICA', 'AVES', 280, '1.jpg'),
('PCO111', 'Sunomono', 'Camarón, cangrejo, pulpo, ikura con pepino y fideo de arroz, aderezado con vinagreta dashi.', 1, 'JAPONESA', 'ENTRADASJ', 89, '1.jpg'),
('PCO112', 'Tuna Salad', 'Atún sellado con sal y pimienta con ensalada de lechuga, aderezo con salsa de negi.', 1, 'JAPONESA', 'ENTRADASJ', 99, '1.jpg'),
('PCO113', 'Sea weed salad', 'Ensalada de algas con vinagreta de arroz, ligeramente picante.', 1, 'JAPONESA', 'ENTRADASJ', 99, '1.jpg'),
('PCO114', 'Sake', 'Salmón fresco, aguacate, spicy de salmón, kisami nori, sobre una cama de arroz avinagrado.', 1, 'JAPONESA', 'SUSHIOKE', 119, '1.jpg'),
('PCO115', 'Tuna', 'Atún, aguacate, spicy de atún, kisami nori, sobre una cama de arroz avinagrado.', 1, 'JAPONESA', 'SUSHIOKE', 119, '1.jpg'),
('PCO116', 'Hamachi', 'Spicy de hamachi, aguacate, kisami nori, sobre una cama de arroz avinagrado.', 1, 'JAPONESA', 'SUSHIOKE', 279, '1.jpg'),
('PCO117', 'Sashimi Sake ', 'Salmón tataki con salsa negi, chile, poro frito y microgreen.', 1, 'JAPONESA', 'SASHIMI', 145, '1.jpg'),
('PCO118', 'Sashimi Tuna', 'Atún tataki con salsa negi, ajo frito, cebollín, nabo y microgreen.', 1, 'JAPONESA', 'SASHIMI', 145, '1.jpg'),
('PCO119', 'Sashimi Mix', 'Salmón, hamachi, atún y huachinango, con salsa de negi, cilantro, chile, nabo y ajo frito.', 1, 'JAPONESA', 'SASHIMI', 225, '1.jpg'),
('PCO12', 'Dumpling de Camarón', '1 Dumpling relleno camarón.', 1, '1_ASIATICA', 'DIMSUM', 17, '1.jpg'),
('PCO120', 'Sashimi Hamachi', 'Hamachi acompañado con salsa negi, cilantro, poro frito, cebollín y microgreen', 1, 'JAPONESA', 'SASHIMI', 255, '1.jpg'),
('PCO121', 'Sashimi de Abulón Vietnamita', 'Finas láminas de abulón marinadas en yuzu y aceite de ajonjolí con pimiento rojo, cilantro, germen y cebollín', 1, 'JAPONESA', 'SASHIMI', 299, '1.jpg'),
('PCO122', 'Ebi con Cono de Alga', 'Cono de alga con camarón.', 1, 'JAPONESA', 'TEMAKICLASICO', 50, '1.jpg'),
('PCO122AUX', 'Ebi con Cono de Pepino', 'Cono de pepino con camarón.', 1, 'JAPONESA', 'TEMAKICLASICO', 50, '1.jpg'),
('PCO123', 'Zuzuki con Cono de Pepino', 'Cono de pepino con róbalo.', 1, 'JAPONESA', 'TEMAKICLASICO', 50, '1.jpg'),
('PCO123AUX', 'Zuzuki con Cono de Alga', 'Cono de alga con róbalo.', 1, 'JAPONESA', 'TEMAKICLASICO', 50, '1.jpg'),
('PCO124', 'Tako con Cono de Alga', 'Cono de alga con pulpo.', 1, 'JAPONESA', 'TEMAKICLASICO', 50, '1.jpg'),
('PCO124AUX', 'Tako con Cono de Pepino', 'Cono de pepino con pulpo.', 1, 'JAPONESA', 'TEMAKICLASICO', 50, '1.jpg'),
('PCO125', 'Kanikama con Cono de Pepino', 'Cono de pepino con cangrejo.', 1, 'JAPONESA', 'TEMAKICLASICO', 50, '1.jpg'),
('PCO125AUX', 'Kanikama con Cono de Alga', 'Cono de alga con cangrejo.', 1, 'JAPONESA', 'TEMAKICLASICO', 50, '1.jpg'),
('PCO126', 'Spicy Tuna con Cono de Pepino', 'Cono de pepino con atún, cebollín y sriracha.', 1, 'JAPONESA', 'TEMAKICLASICO', 60, '1.jpg'),
('PCO126AUX', 'Spicy Tuna con Cono de Alga', 'Cono de alga con atún, cebollín y sriracha.', 1, 'JAPONESA', 'TEMAKICLASICO', 60, '1.jpg'),
('PCO127', 'Tobiko con Cono de Pepino', 'Cono de pepino con hueva de pez volador.', 1, 'JAPONESA', 'TEMAKICLASICO', 60, '1.jpg'),
('PCO127AUX', 'Tobiko con Cono de Alga', 'Cono de alga con hueva de pez volador.', 1, 'JAPONESA', 'TEMAKICLASICO', 60, '1.jpg'),
('PCO128', 'Ikura con Cono de Pepino', 'Cono de pepino con hueva de salmón.', 1, 'JAPONESA', 'TEMAKICLASICO', 65, '1.jpg'),
('PCO128AUX', 'Ikura con Cono de Alga', 'Cono de alga con hueva de salmón.', 1, 'JAPONESA', 'TEMAKICLASICO', 65, '1.jpg'),
('PCO129', 'Sake con Cono de Pepino', 'Cono de pepino con salmón.', 1, 'JAPONESA', 'TEMAKICLASICO', 50, '1.jpg'),
('PCO129AUX', 'Sake con Cono de Alga', 'Cono de alga con salmón.', 1, 'JAPONESA', 'TEMAKICLASICO', 50, '1.jpg'),
('PCO13', 'Orden de Dumplings de Camarón', 'Orden de 3 Dumplings rellenos de camarón.', 1, '1_ASIATICA', 'DIMSUM', 45, '1.jpg'),
('PCO130', 'Sake Ahumado con Cono de Alga', 'Cono de alga o pepino con salmón ahumado.', 1, 'JAPONESA', 'TEMAKICLASICO', 55, '1.jpg'),
('PCO135', 'Tuna', 'Piezas de arroz con pescado/marisco encima', 1, 'JAPONESA', 'NIGUIRI', 25, '1.jpg'),
('PCO136', 'Ebi', 'Piezas de arroz con pescado/marisco encima', 1, 'JAPONESA', 'NIGUIRI', 25, '1.jpg'),
('PCO137', 'Tako', 'Piezas de arroz con pescado/marisco encima', 1, 'JAPONESA', 'NIGUIRI', 25, '1.jpg'),
('PCO138', 'Kanikama', 'Piezas de arroz con pescado/marisco encima', 1, 'JAPONESA', 'NIGUIRI', 25, '1.jpg'),
('PCO139', 'Sake', 'Piezas de arroz con pescado/marisco encima', 1, 'JAPONESA', 'NIGUIRI', 25, '1.jpg'),
('PCO14', 'Dumpling de Kanikama', '1 Dumpling relleno kanikama.', 1, '1_ASIATICA', 'DIMSUM', 17, '1.jpg'),
('PCO140', 'Sake Ahumado con Cono de Pepino', 'Cono de pepino con salmón ahumado.', 1, 'JAPONESA', 'TEMAKICLASICO', 30, '1.jpg'),
('PCO141', 'Spicy Tuna', 'Piezas de arroz con pescado/marisco encima', 1, 'JAPONESA', 'NIGUIRI', 42, '1.jpg'),
('PCO142', 'Tobiko', 'Piezas de arroz con pescado/marisco encima', 1, 'JAPONESA', 'NIGUIRI', 46, '1.jpg'),
('PCO143', 'Unagui', '-', 1, 'JAPONESA', 'NIGUIRI', 48, '1.jpg'),
('PCO144', 'Ikura', '-', 1, 'JAPONESA', 'NIGUIRI', 50, '1.jpg'),
('PCO145', 'Hamachi', '-', 1, 'JAPONESA', 'NIGUIRI', 65, '1.jpg'),
('PCO146', 'Nigiri Sampler', 'Piezas de arroz con pescado/marisco encima', 1, 'JAPONESA', 'NIGUIRI', 125, '1.jpg'),
('PCO147', 'Chirashi Mid', 'Atún tataki, salmón tataki, pulpo, camarón, cangrejo, masago, esparrago, pepino, kisami nori, gari y wasabi. Sobre una cama de arroz avinagrado', 1, 'JAPONESA', 'CHIRASHI', 105, '1.jpg'),
('PCO148', 'Chirashi Full', 'Atún tataki, salmón tataki, pulpo, camarón, cangrejo, masago, esparrago, pepino, kisami nori, gari y wasabi. Sobre una cama de arroz avinagrado', 1, 'JAPONESA', 'CHIRASHI', 185, '1.jpg'),
('PCO149', 'Yanse Roll Tampico', 'XF: Hoja de arroz y hoja de soya, salsa asian                                                                        XD: Tampico, aguacate, pepino y kanikama.', 1, 'JAPONESA', 'SUSHI', 80, '1.jpg'),
('PCO15', 'Orden de Dumplings de Kanikama', 'Orden de 3 Dumplings de kanikama.', 1, '1_ASIATICA', 'DIMSUM', 45, '1.jpg'),
('PCO150', 'Yanse Roll Yasai', 'XF: Hoja de arroz y hoja de soya, salsa de chabacano                                                                  XD: Pepino, zanahoria, espinaca, chuka (ensalada de algas).', 1, 'JAPONESA', 'SUSHI', 80, '1.jpg'),
('PCO151', 'Yanse Roll Spicy sake', 'XF: Hoja de arroz y hoja de soya, salsa de negi                                                                         XD: Spicy de salmón, lechuga y aguacate.', 1, 'JAPONESA', 'SUSHI', 80, '1.jpg'),
('PCO152', 'Tokken Roll', 'XF: Nori                                                                XD: Cangrejo, aguacate, queso dynamita y salsa chipotle.', 1, 'JAPONESA', 'SUSHI', 90, '1.jpg'),
('PCO153', 'Kawaii Roll', 'XF: Nori capeado, tampico, poro frito y salsa de negi                                                   XD: Salmón fresco, aguacate, zanahoria, espárrago, mezcla de mariscos.', 1, 'JAPONESA', 'SUSHI', 85, '1.jpg'),
('PCO154', 'Kyoto Roll', 'XF: Nori y salsa spicy                                 XD: Queso crema, aguacate, zanahoria, lechuga y pollo empanizado.', 1, 'JAPONESA', 'SUSHI', 110, '1.jpg'),
('PCO155', 'Rainbow Roll', 'XF: Salmón y atún fresco, gari, cebollín y chile picado                                                          XD: Pepino, aguacate, canrgejo y masago.', 1, 'JAPONESA', 'SUSHI', 115, '1.jpg'),
('PCO156', 'Kazan Roll', 'XF: Camarón empanizado y salsa tampico                                                                XD: Aguacate y queso crema.', 1, 'JAPONESA', 'SUSHI', 115, '1.jpg'),
('PCO157', 'Niku Roll', 'XF: Filete a la mantequilla, queso crema, poro frito y rodaja de chile                          XD: Cangrejo, aguacate y espárrago, salsa de chipotle.', 1, 'JAPONESA', 'SUSHI', 120, '1.jpg'),
('PCO158', 'Haru Roll', 'XF: Masago                                                          XD: Salmón fresco, cangrejo, piel de salmón, tampico, pepino y aguacate.', 1, 'JAPONESA', 'SUSHI', 130, '1.jpg'),
('PCO159', 'Okinawa Roll', 'XF: Anguila, almendra y salsa de anguila                                                       XD: Camarón empanizado, queso crema, pepino, aguacate.', 1, 'JAPONESA', 'SUSHI', 160, '1.jpg'),
('PCO16', 'Dumpling de Mariscos', 'Dumpling relleno de mariscos.', 1, '1_ASIATICA', 'DIMSUM', 17, '1.jpg'),
('PCO160', 'Osaka Roll', 'XF: Queso crema, espinaca, gratinado de mezcla de mariscos, con salsa spicy                                        XD: Zanahoria, aguacate, cebollin, Salmón humado', 1, 'JAPONESA', 'SUSHI', 115, '1.jpg'),
('PCO161', 'Ryuu Roll', 'XF:Queso crema salmón a la plamcha y salsa dragón                                                  XD: Camarón capeado, kakiague y aguacate', 1, 'JAPONESA', 'SUSHI', 115, '1.jpg'),
('PCO162', 'Baby Squid', 'Calamares rellenos de pasta especial de cangrejo, con salsa de anguila.', 1, 'JAPONESA', 'SUSHI', 80, '1.jpg'),
('PCO163', 'Spider Roll', 'XF: Arroz, arare y salsa de anguila.             XD: Crujiente jaiba suave, lechuga, aguacate, nori y queso crema.', 1, 'JAPONESA', 'SUSHI', 110, '1.jpg'),
('PCO164', 'Taiwan Roll', 'XF: Queso Philadelphia, lluvia primavera, ajonjolí y salsa de anguila.                                                               XD: Nori, ostión, espinaca y aguacate.', 1, 'JAPONESA', 'SUSHI', 110, '1.jpg'),
('PCO165', 'Teriyaki Roll', 'XF: Hoja de arroz, salsa de anguila y chipotle                                                           XD: Lechuga, cilantro, zanahoria y pollo teriyaki.', 1, 'JAPONESA', 'SUSHI', 110, '1.jpg'),
('PCO166', 'Samurai Roll', 'XF: Salmón y aguacate con aderezo de cítricos.                                                                  XD: Nori, pepino, camarón, tobiko.', 1, 'JAPONESA', 'SUSHI', 120, '1.jpg'),
('PCO167', 'Ebi Dragon Roll', 'XF: Mango y aguacate con salsa de anguila.                                                         XD: Camarón empanizado, tobiko, aguacate, nori y queso crema.', 1, 'JAPONESA', 'SUSHI', 120, '1.jpg'),
('PCO168', 'Asian Roll', 'XF: Envuelto en pepino con salsa de anguila, trozos de camarón empanizado.                                                 XD: Nori con tartar de atún, aguacate, chips de tempura.', 1, 'JAPONESA', 'SUSHI', 125, '1.jpg'),
('PCO169', 'Avocado Roll', 'XF: Aguacate con salsa de anguila y nuez caramelizada.                                                       XD: Anguila, espárragos y nori', 1, 'JAPONESA', 'SUSHI', 125, '1.jpg'),
('PCO17', 'Orden de Dumplings de Mariscos', 'Orden de 3 Dumplings rellenos de mariscos.', 1, '1_ASIATICA', 'DIMSUM', 45, '1.jpg'),
('PCO170', 'Sumo Roll', 'XF: Nori, pepino, ajonjolí blanco y negro con salsa de anguila.                                                                      XD: Kanikama, tampico, kakiague, aguacate y tobiko.', 1, 'JAPONESA', 'SUSHI', 125, '1.jpg'),
('PCO171', 'Ebi Tempura Roll', 'XF: Kakiague, salsa de chipotle y anguila.                                                             XD: Camarón témpura, aguacate y espárrago.', 1, 'JAPONESA', 'SUSHI', 130, '1.jpg'),
('PCO172', 'Crunch Roll', 'XF: Pasta de camarón empanizado, salsa chipotle y salsa de anguila.                                                                   XD: Espárrago, queso philadelphia, aguacate.', 1, 'JAPONESA', 'SUSHI', 130, '1.jpg'),
('PCO173', 'Maguro Yasai', 'Ensalada de atún, pepino, espincaca, aguacate, aderezo teriyaki, aceite de ajonjolí y tobiko.', 1, 'JAPONESA', 'SUSHI', 150, '1.jpg'),
('PCO174', 'Tuna Sashimi', 'Atún marinado en aderezo especial, mayonesa, germen, cebollín y arare.', 1, 'JAPONESA', 'SUSHI', 175, '1.jpg'),
('PCO175', 'Sake Sashimi', 'Salmón marinado en aderezo de cítricos con aguacate y callo de hecha empanizado.', 1, 'JAPONESA', 'SUSHI', 175, '1.jpg'),
('PCO176', 'Agua Yunan', 'Kiwi con jengibre.', 1, '2_BEBIDAS', 'AGUASEXOTICAS', 39, '1.jpg'),
('PCO177', 'Agua Guandong', 'Zapote con menta.', 1, '2_BEBIDAS', 'AGUASEXOTICAS', 39, '1.jpg'),
('PCO178', 'Agua Jilin', 'Tuna con pepino.', 1, '2_BEBIDAS', 'AGUASEXOTICAS', 39, '1.jpg'),
('PCO179', 'Agua Quingai', 'Hierbabuena con lychee.', 1, '2_BEBIDAS', 'AGUASEXOTICAS', 39, '1.jpg'),
('PCO18', 'Dumpling de Salmón', '1 Dumpling de salmón.', 1, '1_ASIATICA', 'DIMSUM', 17, '1.jpg'),
('PCO180', 'Coca Cola', 'Coca Cola', 1, '2_BEBIDAS', 'REFRESCOS', 33, '1.jpg'),
('PCO181', 'Coca Cola Light', 'Coca Cola Light', 1, '2_BEBIDAS', 'REFRESCOS', 33, '1.jpg'),
('PCO182', 'Coca Cola Zero', 'Coca Cola Zero', 1, '2_BEBIDAS', 'REFRESCOS', 33, '1.jpg'),
('PCO183', 'Sprite', 'Sprite', 1, '2_BEBIDAS', 'REFRESCOS', 33, '1.jpg'),
('PCO184', 'Sidral', 'Sidral', 1, '2_BEBIDAS', 'REFRESCOS', 33, '1.jpg'),
('PCO185', 'Sidral Light', 'Sidral Light', 1, '2_BEBIDAS', 'REFRESCOS', 33, '1.jpg'),
('PCO186', 'Freska', 'Freska', 1, '2_BEBIDAS', 'REFRESCOS', 33, '1.jpg'),
('PCO187', 'Fanta', 'Fanta', 1, '2_BEBIDAS', 'REFRESCOS', 33, '1.jpg'),
('PCO188', 'Ciel Agua mineral', 'Ciel Agua mineral', 1, '2_BEBIDAS', 'REFRESCOS', 29, '1.jpg'),
('PCO189', 'Ciel Agua natural', 'Ciel Agua natural', 1, '2_BEBIDAS', 'REFRESCOS', 29, '1.jpg'),
('PCO19', 'Orden de Dumplings de Salmón', 'Orden de 3 Dumplings rellenos salmón.', 1, '1_ASIATICA', 'DIMSUM', 45, '1.jpg'),
('PCO190', 'Ramune', 'Ramune', 1, '2_BEBIDAS', 'REFRESCOS', 48, '1.jpg'),
('PCO191', 'Hapi Mandarin', 'Hapi Mandarin', 1, '2_BEBIDAS', 'REFRESCOS', 27, '1.jpg'),
('PCO193', 'Café Americano', 'Café Americano', 1, '2_BEBIDAS', 'ESPECIALIDADES', 29, '1.jpg'),
('PCO194', 'Café Americano descafeinado', 'Café Americano descafeinado', 1, '2_BEBIDAS', 'ESPECIALIDADES', 29, '1.jpg'),
('PCO195', 'Café Express', 'Café Express', 1, '2_BEBIDAS', 'ESPECIALIDADES', 31, '1.jpg'),
('PCO196', 'Café Express descafeinado', 'Café Express descafeinado', 1, '2_BEBIDAS', 'ESPECIALIDADES', 31, '1.jpg'),
('PCO197', 'Café Express doble', 'Café Express doble', 1, '2_BEBIDAS', 'ESPECIALIDADES', 39, '1.jpg'),
('PCO198', 'Café Capuchino', 'Café Capuchino', 1, '2_BEBIDAS', 'ESPECIALIDADES', 39, '1.jpg'),
('PCO199', 'Café Capuchino descafeinado', 'Café Capuchino descafeinado', 1, '2_BEBIDAS', 'ESPECIALIDADES', 39, '1.jpg'),
('PCO2', 'Salmón Spring Roll', '2 Rollos de verduras, queso crema y salmón con aderezo cilantro.', 1, '1_ASIATICA', 'DIMSUM', 78, '1.jpg'),
('PCO20', 'Orden de Dumplings de Pollo', 'Orden de 3 Dumplings de pollo.', 1, '1_ASIATICA', 'DIMSUM', 45, '1.jpg'),
('PCO21', 'Dumpling de Pollo', '1 Dumpling de pollo.', 1, '1_ASIATICA', 'DIMSUM', 17, '1.jpg'),
('PCO22', 'Pan al vapor de Rib Eye', '1 pieza de pan al vapor de Rib Eye.', 1, '1_ASIATICA', 'DIMSUM', 17, '1.jpg'),
('PCO23', 'Orden de Pan al vapor de Rib Eye', 'Orden de 2 piezas de pan al vapor de Rib Eye.', 1, '1_ASIATICA', 'DIMSUM', 45, '1.jpg'),
('PCO24', 'Pan al vapor de cerdo BBQ', '1 pieza de pan al vapor de cerdo BBQ', 1, '1_ASIATICA', 'DIMSUM', 17, '1.jpg'),
('PCO25', 'Orden de Pan al vapor de cerdo BBQ', 'Orden de 2 piezas de pan al vapor de cerdo BBQ.', 1, '1_ASIATICA', 'DIMSUM', 45, '1.jpg'),
('PCO26', 'Dumpling de Vegetales', 'Dumpling relleno de vegetales.', 1, '1_ASIATICA', 'DIMSUM', 17, '1.jpg'),
('PCO27', 'Orden de Dumplings de Vegetales', 'Orden de 3 Dumplings rellenos de vegetales.', 1, '1_ASIATICA', 'DIMSUM', 45, '1.jpg'),
('PCO28', 'Tacos de lechuga chinos', 'De verduras, hongos salteados al wok y nuez caramelizada', 1, '1_ASIATICA', 'ENTRADAS', 115, '1.jpg'),
('PCO29', 'Tacos de lechuga chinos con pollo', 'De verduras, hongos salteados al wok y nuez caramelizada con pollo salteado al wok', 1, '1_ASIATICA', 'ENTRADAS', 140, '1.jpg'),
('PCO3', 'Ebi Spring Roll', '2 rollos de camarón y verduras con chutney de mango.', 1, '1_ASIATICA', 'DIMSUM', 78, '1.jpg'),
('PCO30', 'Tacos de lechuga chinos con camarón', 'De verduras, hongos salteados al wok y nuez caramelizada con camarón salteado al wok', 1, '1_ASIATICA', 'ENTRADAS', 190, '1.jpg'),
('PCO31', 'Tacos de pereji fritos', 'Sazonado con ajo y limón, servidos en hojas de lechuga y salsa de ciruela', 1, '1_ASIATICA', 'ENTRADAS', 90, '1.jpg'),
('PCO32', 'Tacos de perejil fritos con camarón', 'Con camarón sazonado con ajo y limón, servidos en hojas de lechuga y salsa de ciruela', 1, '1_ASIATICA', 'ENTRADAS', 150, '1.jpg'),
('PCO33', '-', '-', 1, '1_ASIATICA', 'ENTRADAS', 0, '1.jpg'),
('PCO34', 'Steak Roll', 'Rollitos de ribe eye salteados el wok, con salsa de ajonjolí y espárragos al grill', 1, '1_ASIATICA', 'ENTRADAS', 140, '1.jpg'),
('PCO35', 'Alitas BBQ', 'Deliciosas alitas caramelizadas al wok en salsa agridulce china', 1, '1_ASIATICA', 'ENTRADAS', 105, '1.jpg'),
('PCO36', 'Mo-Shu Tuna roll', 'Tacos de atún sellados al grill, verduras y aderezo de cilantro.', 1, '1_ASIATICA', 'ENTRADAS', 115, '1.jpg'),
('PCO37', 'Tiger satay', '2 Brochetas de camarón a las brasas, marinadas en salsa de coco, nuez caramelizada y cilantro', 1, '1_ASIATICA', 'ENTRADAS', 90, '1.jpg'),
('PCO38', 'Dragon Satay', '2 Brochetas de pollo a las brasas marinadas en salsa de coco, nuez caremelizada y cilantro', 1, '1_ASIATICA', 'ENTRADAS', 90, '1.jpg'),
('PCO39', 'Alitas Szhezuan', 'Crujientes alitas de pollo rebozadas en salsa siracha', 1, '1_ASIATICA', 'ENTRADAS', 105, '1.jpg'),
('PCO4', 'Spring Roll', '2 rollos de verduras y hongos sazonados al wok con aderezo de mostaza y miel.', 1, '1_ASIATICA', 'DIMSUM', 68, '1.jpg'),
('PCO40', 'Saigon Roll', 'Fresco rollo vietnamita de hoja de arroz, con camarón, verdura, menta y cilantro', 1, '1_ASIATICA', 'ENTRADAS', 80, '1.jpg'),
('PCO41', 'Costillas BBQ', '6 piezas caramelizadas al wok en salsa agridulce china', 1, '1_ASIATICA', 'ENTRADAS', 115, '1.jpg'),
('PCO42', 'Tom tom cat fish', 'Crujientes trozos de pescado acompañado de sal y  pimienta con aderezo de cítricos y perejil.', 1, '1_ASIATICA', 'ENTRADAS', 115, '1.jpg'),
('PCO43', 'Calamares dragón', 'Crujientes aros de calamar salteados al wok con ajo, pimientos mixtos y cebolla con aderezo de chipotle.', 1, '1_ASIATICA', 'ENTRADAS', 125, '1.jpg'),
('PCO44', 'Kushiague queso manchego', '2 Brochetas empanizadas de queso manchego', 1, '1_ASIATICA', 'ENTRADAS', 70, '1.jpg'),
('PCO45', 'Kushiague camarón queso crema', '2 Brochetas empanizadas de Camarón y queso crema', 1, '1_ASIATICA', 'ENTRADAS', 75, '1.jpg'),
('PCO46', 'Kushiague Salmón queso crema', '2 Brochetas empanizadas de Salmón y queso crema', 1, '1_ASIATICA', 'ENTRADAS', 75, '1.jpg'),
('PCO47', 'Kushiague kanikama y queso crema', '2 Brochetas empanizadas de Kanikama y queso crema', 1, '1_ASIATICA', 'ENTRADAS', 75, '1.jpg'),
('PCO48', 'Costillas Asian', '6 Piezas glaceadas al grill en salsa teriyaki y ajonjolí', 1, '1_ASIATICA', 'ENTRADAS', 115, '1.jpg'),
('PCO49', 'Sopa Kum Lee', 'Sopa de combinación de tres sabores. ', 1, '1_ASIATICA', 'SOPAS', 70, '1.jpg'),
('PCO5', 'Mini Fish Cakes', '4 croquetas de diferentes pescados y mariscos con ensalada de espinaca, cilantro y chutney de mango.', 1, '1_ASIATICA', 'DIMSUM', 110, '1.jpg'),
('PCO50', 'Sopa Ebi Thai', 'Sopa cristalina de camarón, verduras y tallarín harusame con esencia de lima y cilantro.', 1, '1_ASIATICA', 'SOPAS', 70, '1.jpg'),
('PCO51', 'Sopa Won Ton', 'Láminas y dumplings de cerdo con verduras chinas y consomé de vino blanco.', 1, '1_ASIATICA', 'SOPAS', 55, '1.jpg'),
('PCO52', 'Sopa Hot & Sour', 'Obscura sopa de hongos y vegetales orientales, con tofu y ligero sabor picante.', 1, '1_ASIATICA', 'SOPAS', 55, '1.jpg'),
('PCO53', 'Sopa Hot & Sour con Pollo', 'Obscura sopa de hongos y vegetales orientales, con tofu y ligero sabor picante con pollo.', 1, '1_ASIATICA', 'SOPAS', 70, '1.jpg'),
('PCO54', 'Edamame', 'Frijol de soya al vapor, con aceite de ajonjolí, sal y pimienta.', 1, '1_ASIATICA', 'VEGGIE', 55, '1.jpg'),
('PCO55', 'Ejotes y esparragos', 'Salteados al wok con ajo, jengibre y un toque de salsa dragón.', 1, '1_ASIATICA', 'VEGGIE', 70, '1.jpg'),
('PCO56', 'Esparragos grill', 'Con salsa yakitori, cebollín y ajonjolí.', 1, '1_ASIATICA', 'VEGGIE', 110, '1.jpg'),
('PCO57', 'Tofu raíz de loto', 'Láminas de tofu y raíz de loto salteadas al wok con berenjena y salsa del chef', 1, '1_ASIATICA', 'VEGGIE', 110, '1.jpg'),
('PCO58', 'Buddha grill', 'Espárrago, champiñón, calabaza, zanahoria, berenjena, brócoli y col de asia, marinadas y asadas al grill con soya y jengibre.', 1, '1_ASIATICA', 'VEGGIE', 110, '1.jpg'),
('PCO59', 'Salmón Grill Yasai', 'Salmón y espárragos al grill con ensalada de lechugas mixtas, germen, champiñón y nuez de la india, con aderezo de jitomate y jengibre.', 1, '1_ASIATICA', 'ENSALADAS', 150, '1.jpg'),
('PCO6', 'Mariposas de Cangrejo', '5 Crujientes empanadas con queso crema, cangrejo y un toque de picante.', 1, '1_ASIATICA', 'DIMSUM', 110, '1.jpg'),
('PCO60', 'Thai grill yasai', 'Camarones y piña a la parrilla sobre una cama de espinacas y jitomate cherry, acompañado de papa al curry y aderezo del chef.', 1, '1_ASIATICA', 'ENSALADAS', 150, '1.jpg'),
('PCO61', 'Asian Garden', 'Pollo a la parrilla sobre ensalada con chícharo japonés, zanahoria fileteada, aguacate y nuez caramelizada, con aderezo Teriyaki y un toque de lluvia primavera.', 1, '1_ASIATICA', 'ENSALADAS', 125, '1.jpg'),
('PCO62', 'Tori fry', 'Pechuga de pollo empanizada con ensalada de pepino, pimiento rojo, apio, ejote, aguacate y lechugas con aderezo oriental de perejil.', 1, '1_ASIATICA', 'ENSALADAS', 125, '1.jpg'),
('PCO63', 'Arroz Shanghai tazón', 'Camarones, pulpo, callo de hacha, atún, todo salteado al wok con verduras.', 1, '1_ASIATICA', 'ARROZ', 85, '1.jpg'),
('PCO64', 'Arroz Shanghai orden', 'Camarones, pulpo, callo de hacha, atún, todo salteado al wok con verduras.', 1, '1_ASIATICA', 'ARROZ', 140, '1.jpg'),
('PCO65', 'Arroz Asian Bistro tazón', 'Camarones, res, pollo salteado al wok con vegetales y salsa de soya.', 1, '1_ASIATICA', 'ARROZ', 85, '1.jpg'),
('PCO66', 'Arroz Asian Bistro orden', 'Camarones, res, pollo salteado al wok con vegetales y salsa de soya.', 1, '1_ASIATICA', 'ARROZ', 140, '1.jpg'),
('PCO67', 'Arroz Chino tazón', 'Huevo, zanahoria, champiñón, elote baby, chícharo y brócoli al wok con salsa de soya.', 1, '1_ASIATICA', 'ARROZ', 55, '1.jpg'),
('PCO68', 'Arroz Chino orden', 'Huevo, zanahoria, champiñón, elote baby, chícharo y brócoli al wok con salsa de soya.', 1, '1_ASIATICA', 'ARROZ', 100, '1.jpg'),
('PCO69', 'Arroz Pekin tazón', 'Pato laqueado, salteado al wok con salsa de ciruela y vegetales', 1, '1_ASIATICA', 'ARROZ', 85, '1.jpg'),
('PCO7', 'Gyo Samosa', '5 Mariposas de carne con chutney de mango..', 1, '1_ASIATICA', 'DIMSUM', 110, '1.jpg'),
('PCO70', 'Arroz Pekin orden', 'Pato laqueado, salteado al wok con salsa de ciruela y vegetales', 1, '1_ASIATICA', 'ARROZ', 140, '1.jpg'),
('PCO71', 'Arroz Bankok tazón', 'Combinación dulce de pollo, camarón, nuez de la india y vegetales al wok con curry y cilantro.', 1, '1_ASIATICA', 'ARROZ', 85, '1.jpg'),
('PCO72', 'Arroz Bankok orden', 'Combinación dulce de pollo, camarón, nuez de la india y vegetales al wok con curry y cilantro.', 1, '1_ASIATICA', 'ARROZ', 140, '1.jpg'),
('PCO73', 'Arroz Jazmín tazón', 'Variedad de arroz de grano largo con un aroma y sabor particular, excelente como acompañamiento', 1, '1_ASIATICA', 'ARROZ', 33, '1.jpg'),
('PCO74', 'Chiken ginger', 'Noodle transparente con pollo y piña a la parrilla, cilantro, germen, jícama, zanahoria y aderezo teriyaki (se sirve frío).', 1, '1_ASIATICA', 'NOODLES', 160, '1.jpg'),
('PCO75', 'Ebi grill noodles', 'Camarones a la parrilla con tallarines, champiñones, brócoli y germen de soya al wok con nuez de la india.', 1, '1_ASIATICA', 'NOODLES', 195, '1.jpg'),
('PCO76', 'Beef & Hokkien', 'Láminas de res salteadas al wok con noodles chinos, cebollín, brócoli, chícharo chino y salsa law chow.', 1, '1_ASIATICA', 'NOODLES', 195, '1.jpg'),
('PCO77', 'Stir Fry', 'Noodle udon, láminas de pollo y vegetales salteados al wok con salsa yakitori y cebollín.', 1, '1_ASIATICA', 'NOODLES', 160, '1.jpg'),
('PCO78', 'Chow Mein', 'Noodle chino con camarones y vegetales salteados al wokcon salsa de ciruela y ajo.', 1, '1_ASIATICA', 'NOODLES', 195, '1.jpg'),
('PCO79', 'Ebi Tempura', 'Camarones y verduras en salsa tempura.', 1, '1_ASIATICA', 'ESPECIALIDADES', 205, '1.jpg'),
('PCO8', 'Tori Gyoza', '5 raviollies japoneses rellenos de pollo, marinado con soya y aceite de ajonjolí.', 1, '1_ASIATICA', 'DIMSUM', 78, '1.jpg'),
('PCO80', 'Mr. Chins Beef', 'Láminas de res salteadas con cebollín, salsa sizzling y un toque de chile serrano (incluye tazon de arroz).', 1, '1_ASIATICA', 'ESPECIALIDADES', 185, '1.jpg'),
('PCO81', 'Asian Crab', 'Crujiente cangrejo concha suave, con papa al curry y aderezo de cilantro.', 1, '1_ASIATICA', 'ESPECIALIDADES', 160, '1.jpg'),
('PCO82', 'Red Curry Tuna', 'Atún sellado y pulpo a la parrilla al curry con berenjenas al wok en aderezo de jitomate- jengibre.', 1, '1_ASIATICA', 'ESPECIALIDADES', 215, '1.jpg'),
('PCO83', 'Sandwich Asian Bistro', 'Con pechuga teriyaki y cebolla morada a la parrilla, aguacate, germen de alfalfa y aderezo de curry, acompañado de papas a la francesa.', 1, '1_ASIATICA', 'ESPECIALIDADES', 130, '1.jpg'),
('PCO84', 'Thai Beef', 'Tiras de filete de res selladas al wok, acompañado de col marinada y cilantro fileteado (incluye un tazón de arroz jazmín para acompañar).', 1, '1_ASIATICA', 'CARNES', 175, '1.jpg'),
('PCO85', 'Vietnam Beef', 'Láminas de fielte de res marinadas en salsa oriental, servidas a la plancha con papas a la francesa (incluye un tazón de arroz jazmín para acompañar).', 1, '1_ASIATICA', 'CARNES', 175, '1.jpg'),
('PCO86', 'Crispy Beef', 'Crujientes tiras de res con pimiento, zanahoria y apio, salteados al wok en salsa agridulce china (incluye un tazón de arroz jazmín para acompañar).', 1, '1_ASIATICA', 'CARNES', 175, '1.jpg'),
('PCO87', 'Res Szechuan', 'Tiras de res con castaña, hongos silvestres y bambú al wok en salsa de ajo (incluye un tazón de arroz jazmín para acompañar).', 1, '1_ASIATICA', 'CARNES', 175, '1.jpg'),
('PCO88', 'Res Sizzling', 'Tiras de res, ejotes, pimientos y cebolla salteados en salsa de soya y especias chinas a la plancha (incluye un tazón de arroz jazmín para acompañar).', 1, '1_ASIATICA', 'CARNES', 175, '1.jpg'),
('PCO89', 'Res Asian Bistro', 'Suaves láminas de res con brócoli al wok y salsa especial de ciruela (incluye un tazón de arroz jazmín para acompañar).', 1, '1_ASIATICA', 'CARNES', 175, '1.jpg'),
('PCO9', 'Ton Gyoza', '7 raviollies japoneses rellenos de cerdo marinado con jengibre y cebollín.', 1, '1_ASIATICA', 'DIMSUM', 110, '1.jpg'),
('PCO90', 'Res Shitake', 'Láminas de res con hongos orientales en salsa especial de soya con un toque picante de chipotle (incluye un tazón de arroz jazmín para acompañar).', 1, '1_ASIATICA', 'CARNES', 175, '1.jpg'),
('PCO91', 'Res Tangy', 'Láminas de res con tiernas verduras chinas en salsa especial a base de jengibre (incluye un tazón de arroz jazmín para acompañar).', 1, '1_ASIATICA', 'CARNES', 175, '1.jpg'),
('PCO92', 'Noodles Crujientes', 'Camarones y vegetales salteados al wok en salsa de ciruela y vino blanco sobre tallarín frito.', 1, '1_ASIATICA', 'PESCADOSMARISCOS', 195, '1.jpg'),
('PCO93', 'Salmón Asian Bistro', 'Delicioso filete al vapor servido con vegetales al wok y salsa ponzu (incluye un tazón de arroz jazmín para acompañar).', 1, '1_ASIATICA', 'PESCADOSMARISCOS', 205, '1.jpg'),
('PCO94', 'Camarones Malayos', 'Camarones con salsa de melón y licor de naranja en una cama de lechuga (incluye un tazón de arroz jazmín para acompañar).', 1, '1_ASIATICA', 'PESCADOSMARISCOS', 205, '1.jpg'),
('PCO95', 'Camarones Beijing', 'Salteados al wok en salsa obscura ligeramente picantes y nuez caramelizada (incluye un tazón de arroz jazmín para acompañar).', 1, '1_ASIATICA', 'PESCADOSMARISCOS', 205, '1.jpg'),
('PCO96', 'Hot Fish', 'Crujientes láminas de pescado en salsa obscura ligeramente picante.', 1, '1_ASIATICA', 'PESCADOSMARISCOS', 195, '1.jpg'),
('PCO97', 'Camarones al Curry', 'Salteados al wok con pimientos, chícharo chino, brócoli y tallo de lechuga chicoria (incluye un tazón de arroz jazmín para acompañar).', 1, '1_ASIATICA', 'PESCADOSMARISCOS', 205, '1.jpg'),
('PCO98', 'Camarones Asian Bistro', 'Crujientes camarones salteados en salsa agridulce law chow.', 1, '1_ASIATICA', 'PESCADOSMARISCOS', 205, '1.jpg'),
('PCO99', 'Camarones Bora Bora', 'Empanizados, con salsa de coco-naranja y frutas tropicales.', 1, '1_ASIATICA', 'PESCADOSMARISCOS', 205, '1.jpg');

-- --------------------------------------------------------

--
-- Estructura de tabla para la tabla `subcategoria`
--

CREATE TABLE IF NOT EXISTS `subcategoria` (
  `idSubCategoria` varchar(45) NOT NULL,
  `Nombre` varchar(45) DEFAULT NULL,
  `Descripcion` varchar(450) DEFAULT NULL,
  `url` varchar(45) DEFAULT NULL,
  `estado` int(11) DEFAULT NULL,
  PRIMARY KEY (`idSubCategoria`)
) ENGINE=InnoDB DEFAULT CHARSET=utf8;

--
-- Volcado de datos para la tabla `subcategoria`
--

INSERT INTO `subcategoria` (`idSubCategoria`, `Nombre`, `Descripcion`, `url`, `estado`) VALUES
('AGUASEXOTICAS', 'Aguas Exóticas', '-', '-', 1),
('ALCOHOL', 'Cerveza', '-', '-', 1),
('ARROZ', 'Arroz', 'fA', '-', 1),
('AVES', 'Aves', 'kA', '-', 1),
('CAFES', 'Cafés', '-', '-', 1),
('CARNES', 'Carnes', 'iA', '-', 1),
('CHIRASHI', 'Chirashi', 'fj', '-', 1),
('DIMSUM', 'Dim Sum', 'aA', '-', 1),
('DUMPLINGS', 'Dumplings', 'lA', '-', 1),
('ENSALADAS', 'Ensaladas', 'eA', '-', 1),
('ENTRADAS', 'Entradas', 'bA', '-', 1),
('ENTRADASJ', 'Entradas', 'aj', '-', 1),
('ESPECIALIDADES', 'Especialidades', 'hA', '-', 1),
('EXTRAS', 'Extras', '-', '-', 1),
('Jarradetes', 'Tés', '-', '-', 1),
('NIGUIRI', 'Nigiri Clásico, Nigiri Especial', 'ej', '-', 1),
('NOODLES', 'Noodles', 'gA', '-', 1),
('PESCADOSMARISCOS', 'Pescados & Mariscos', 'jA', '-', 1),
('Postres', 'Postres', '-', '-', 1),
('REFRESCOS', 'Refrescos', '-', '-', 1),
('SASHIMI', 'Sashimi', 'cj', '-', 1),
('SOPAS', 'Sopas', 'cA', '-', 1),
('SUSHI', 'Sushi', 'gj', '-', 1),
('SUSHIBAR', 'Sushi Bar', '-', '-', 1),
('SUSHIOKE', 'Sushi Oke', 'bj', '-', 1),
('TEMAKICLASICO', 'Temaki Clásico, Temaki Especial', 'dj', '-', 1),
('TheBerryCompany', 'The Berry Company', '-', '-', 1),
('VEGGIE', 'Veggie', 'dA', '-', 1),
('VinoBlanco', 'Vino Blanco', '-', '-', 1),
('VinoRosado', 'Vino Rosado', '-', '-', 1),
('VinoTinto', 'Vino Tinto', '-', '-', 1);

-- --------------------------------------------------------

--
-- Estructura de tabla para la tabla `sucursal`
--

CREATE TABLE IF NOT EXISTS `sucursal` (
  `idSucursal` varchar(45) NOT NULL,
  `Sucursal` varchar(45) DEFAULT NULL,
  `direccion` varchar(45) DEFAULT NULL,
  `delgSucursal` varchar(45) DEFAULT NULL,
  `colSucursal` varchar(45) DEFAULT NULL,
  `Numero` varchar(45) DEFAULT NULL,
  `telefono` varchar(45) DEFAULT NULL,
  `email` varchar(45) DEFAULT NULL,
  `municipio` varchar(45) DEFAULT NULL,
  `estado` int(11) DEFAULT NULL,
  PRIMARY KEY (`idSucursal`)
) ENGINE=InnoDB DEFAULT CHARSET=utf8;

--
-- Volcado de datos para la tabla `sucursal`
--

INSERT INTO `sucursal` (`idSucursal`, `Sucursal`, `direccion`, `delgSucursal`, `colSucursal`, `Numero`, `telefono`, `email`, `municipio`, `estado`) VALUES
('Altavista', 'Altavista', 'Calzada Desierto de los Leones', 'Álvaro Obregón', 'San Angel', '#52', '55 5550 4923', 'contacto@AsianBistro.mx', 'Distrito Federal', 1),
('Universidad ', 'Universidad ', 'Av. Universidad', 'Benito Juárez', '-', '#100', '55 5601 7123', 'contacto@AsianBistro.mx', 'Distrito Federal', 1);

--
-- Restricciones para tablas volcadas
--

--
-- Filtros para la tabla `colonias`
--
ALTER TABLE `colonias`
  ADD CONSTRAINT `fk_Colonias_Sucursal1` FOREIGN KEY (`idSucursal`) REFERENCES `sucursal` (`idSucursal`) ON DELETE NO ACTION ON UPDATE NO ACTION;

--
-- Filtros para la tabla `pedido`
--
ALTER TABLE `pedido`
  ADD CONSTRAINT `fk_Pedidos_Cliente2` FOREIGN KEY (`idCliente`) REFERENCES `cliente` (`idCliente`) ON DELETE CASCADE ON UPDATE CASCADE,
  ADD CONSTRAINT `fk_Pedidos_Sucursal2` FOREIGN KEY (`idSucursal`) REFERENCES `sucursal` (`idSucursal`) ON DELETE NO ACTION ON UPDATE NO ACTION;

--
-- Filtros para la tabla `pedidosproductos`
--
ALTER TABLE `pedidosproductos`
  ADD CONSTRAINT `fk_PedidosProductos_Pedido1` FOREIGN KEY (`idPedido`) REFERENCES `pedido` (`idPedido`) ON DELETE CASCADE ON UPDATE CASCADE,
  ADD CONSTRAINT `fk_Pedidos_Producto1` FOREIGN KEY (`idProducto`) REFERENCES `producto` (`idProducto`) ON DELETE NO ACTION ON UPDATE NO ACTION;

--
-- Filtros para la tabla `producto`
--
ALTER TABLE `producto`
  ADD CONSTRAINT `fk_Producto_Categoria` FOREIGN KEY (`idCategoria`) REFERENCES `categoria` (`idCategoria`) ON DELETE NO ACTION ON UPDATE CASCADE,
  ADD CONSTRAINT `fk_Producto_SubCategoria1` FOREIGN KEY (`idSubCategoria`) REFERENCES `subcategoria` (`idSubCategoria`) ON DELETE NO ACTION ON UPDATE NO ACTION;

/*!40101 SET CHARACTER_SET_CLIENT=@OLD_CHARACTER_SET_CLIENT */;
/*!40101 SET CHARACTER_SET_RESULTS=@OLD_CHARACTER_SET_RESULTS */;
/*!40101 SET COLLATION_CONNECTION=@OLD_COLLATION_CONNECTION */;
